url,label,hostname,length_of_fqdn,replica_in_fqdn,num_of_currencies_seen,num_of_duplicate_prices_seen,percent_savings,contain_emails,large_iframes,under_a_year,china_registered,in_top_one_million
http://100mountain.com/,0,100mountain.com,15,True,0.0,0.0,0.0,0.0,False,0.0,0.0,False
http://100mountain.com/shop/,0,100mountain.com,15,True,0.0,0.0,0.0,0.0,False,0.0,0.0,False
http://amyeshop.com.tw/,0,amyeshop.com.tw,15,False,1.0,66.0,0.043859649122807,0.0,False,,,False
http://amyeshop.com.tw/home/index.php,0,amyeshop.com.tw,15,False,1.0,66.0,0.043859649122807,0.0,False,0.0,,False
http://annshop.91app.com/v2/official,0,annshop.91app.com,17,True,1.0,2.0,0.14306151645207402,0.0,False,0.0,0.0,False
http://bestshop.91app.com/v2/official,0,bestshop.91app.com,18,True,1.0,4.0,0.0,0.0,False,0.0,0.0,False
http://blog.xuite.net/,0,blog.xuite.net,14,False,0.0,0.0,0.0,0.0,False,0.0,0.0,False
http://candybox.com.tw/v2/official,0,candybox.com.tw,15,False,1.0,17.0,0.0,0.0,False,0.0,,False
http://cart0030.3785tv.com/,0,cart0030.3785tv.com,19,True,1.0,10.0,0.5,0.0,False,0.0,0.0,False
http://class.ruten.com.tw/,0,class.ruten.com.tw,18,False,1.0,2.0,0.01,0.0,False,,,False
http://cocomommy.com/,0,cocomommy.com,13,False,1.0,6.0,0.42068965517241297,0.0,False,1.0,0.0,False
http://ebuyshop.qdm.com.tw/,0,ebuyshop.qdm.com.tw,19,False,1.0,4.0,0.041666666666666005,0.0,False,,,False
http://feature.u-audio.com.tw/,0,feature.u-audio.com.tw,22,False,0.0,0.0,0.0,0.0,False,,,False
http://furukawa-iin.net/,0,furukawa-iin.net,16,False,0.0,0.0,0.0,0.0,False,0.0,0.0,False
http://gbaby.shop2000.com.tw/,0,gbaby.shop2000.com.tw,21,True,0.0,0.0,0.0,0.0,False,0.0,,False
http://iomagic.com/,0,iomagic.com,11,False,1.0,3.0,0.5617977528089879,0.0,False,0.0,0.0,True
http://jiaeryuan.91app.com/v2/official,0,jiaeryuan.91app.com,19,True,1.0,8.0,0.7619047619047611,0.0,False,0.0,0.0,False
http://kemei.91app.com/v2/official,0,kemei.91app.com,15,True,1.0,4.0,1.0,0.0,False,0.0,0.0,False
http://la-queen.com.tw/,0,la-queen.com.tw,15,False,1.0,2.0,0.5,0.0,False,0.0,,False
http://leejeans-ap.com/,0,leejeans-ap.com,15,False,0.0,0.0,0.0,0.0,False,0.0,0.0,False
http://lippy-store.com/,0,lippy-store.com,15,False,1.0,3.0,0.202020202020202,0.0,False,0.0,0.0,False
http://m.clarisonic.com.tw/clarisonic/mobile/index.aspx,0,m.clarisonic.com.tw,19,False,0.0,0.0,0.0,0.0,False,,,False
http://rayfair.meepshop.com/,0,rayfair.meepshop.com,20,False,0.0,0.0,0.0,0.0,False,0.0,,False
http://rvft3zj75j.pixnet.net/blog,0,rvft3zj75j.pixnet.net,21,False,0.0,0.0,0.0,0.0,False,0.0,0.0,False
http://sandaru.91app.com/v2/official,0,sandaru.91app.com,17,True,1.0,3.0,0.0,0.0,False,0.0,0.0,False
http://sarah142000.pixnet.net/blog,0,sarah142000.pixnet.net,22,True,0.0,0.0,0.0,0.0,True,0.0,0.0,False
http://sdshoes.91app.com/v2/official,0,sdshoes.91app.com,17,True,1.0,3.0,0.075,0.0,False,0.0,0.0,False
http://shop.autocare.com.tw/v2/official,0,shop.autocare.com.tw,20,False,1.0,6.0,1.0,0.0,False,,,False
http://shop.myvega.com.tw/v2/official,0,shop.myvega.com.tw,18,False,1.0,14.0,1.0,0.0,False,,,False
http://shop.norns.com.tw/v2/official,0,shop.norns.com.tw,17,False,1.0,3.0,0.27777777777777696,0.0,False,,,False
http://shop.passionata.com.tw/v2/official,0,shop.passionata.com.tw,22,False,1.0,2.0,1.0,0.0,False,,,False
http://shop.polarstar.tw/v2/official,0,shop.polarstar.tw,17,False,1.0,2.0,1.0,0.0,False,0.0,,False
http://shopping.friday.tw/,0,shopping.friday.tw,18,False,1.0,5.0,0.742,0.0,False,0.0,,False
http://shopping.payeasy.com.tw/,0,shopping.payeasy.com.tw,23,False,0.0,0.0,0.0,0.0,True,0.0,,False
http://taiwan.coach.com/top/CSfTop.jsp,0,taiwan.coach.com,16,False,0.0,0.0,0.0,0.0,False,0.0,0.0,False
http://tefal-home.com.tw/,0,tefal-home.com.tw,17,False,0.0,0.0,0.0,0.0,False,,,False
http://tw.91mai.com/,0,tw.91mai.com,12,True,1.0,4.0,0.5,0.0,False,0.0,0.0,False
http://tw.istayreal.com/,0,tw.istayreal.com,16,False,0.0,0.0,0.0,0.0,False,0.0,0.0,False
http://tw.memebox.com/v2/official,0,tw.memebox.com,14,False,1.0,3.0,1.0,0.0,False,,,False
http://us.puma.com/en_US/sorry?url=%2F&uuid=596c56d0-fa66-11e7-b542-5ff2a42fc744&vid=,0,us.puma.com,11,False,1.0,1.0,0.0,0.0,False,0.0,0.0,False
http://vip.saholea.com/v2/official,0,vip.saholea.com,15,False,1.0,8.0,0.0,0.0,False,0.0,0.0,False
http://wabao.91app.com/v2/official,0,wabao.91app.com,15,True,0.0,0.0,0.0,0.0,False,0.0,0.0,False
http://www.101sm.com/,0,www.101sm.com,13,True,1.0,2.0,0.266666666666666,0.0,False,,,False
http://www.101sm.com/shop/,0,www.101sm.com,13,True,1.0,2.0,0.266666666666666,0.0,False,0.0,0.0,False
http://www.3ccellphone.com/,0,www.3ccellphone.com,19,False,0.0,0.0,0.0,0.0,False,,,False
http://www.74oz.com.tw/,0,www.74oz.com.tw,15,False,0.0,0.0,0.0,0.0,False,,,False
http://www.74oz.com.tw/App/Shop/Default.aspx,0,www.74oz.com.tw,15,False,0.0,0.0,0.0,0.0,False,,,False
http://www.911shop.com.tw/App/Shop/Default.aspx,0,www.911shop.com.tw,18,True,0.0,0.0,0.0,0.0,False,0.0,,False
http://www.911shop.com.tw/default.aspx,0,www.911shop.com.tw,18,True,0.0,0.0,0.0,0.0,False,,,False
http://www.achicat.com/v2/official,0,www.achicat.com,15,False,1.0,2.0,1.0,0.0,False,,,False
http://www.airspace.com.tw/,0,www.airspace.com.tw,19,False,1.0,1.0,0.120481927710843,0.0,False,0.0,,False
http://www.amah.com.tw/,0,www.amah.com.tw,15,False,0.0,0.0,0.0,0.0,False,0.0,,False
http://www.amah.com.tw/amah.asp,0,www.amah.com.tw,15,False,0.0,0.0,0.0,0.0,False,,,False
http://www.amai.tw/v2/official,0,www.amai.tw,11,False,1.0,48.0,1.0,0.0,False,0.0,,False
http://www.amay-style.com/v2/official,0,www.amay-style.com,18,False,1.0,7.0,1.0,0.0,False,0.0,0.0,False
http://www.anns.tw/v2/official,0,www.anns.tw,11,False,1.0,3.0,1.0,0.0,False,0.0,,False
http://www.answer168.com/v2/official,0,www.answer168.com,17,True,1.0,2.0,1.0,0.0,False,0.0,0.0,False
http://www.aplusbio.com/,0,www.aplusbio.com,16,False,0.0,0.0,0.0,0.0,False,0.0,0.0,False
http://www.aplusbio.com/index.php?lg=T,0,www.aplusbio.com,16,False,0.0,0.0,0.0,0.0,False,0.0,0.0,False
http://www.apmart.com.tw/v2/official,0,www.apmart.com.tw,17,False,1.0,5.0,0.21794871794871698,0.0,False,,,False
http://www.arnoldpalmer-bag.com/,0,www.arnoldpalmer-bag.com,24,False,0.0,0.0,0.0,0.0,False,1.0,0.0,False
http://www.arzshop.tw/v2/official,0,www.arzshop.tw,14,False,1.0,5.0,0.6012024048096191,0.0,False,,,False
http://www.as-eweb.com/,0,www.as-eweb.com,15,False,0.0,0.0,0.0,0.0,False,0.0,0.0,False
http://www.asap.com.tw/,0,www.asap.com.tw,15,False,1.0,1.0,0.0,0.0,False,,,False
http://www.avmega.com.tw/,0,www.avmega.com.tw,17,False,0.0,0.0,0.0,0.0,False,,,False
http://www.bai-shop.com/Shop/,0,www.bai-shop.com,16,False,0.0,0.0,0.0,0.0,False,0.0,0.0,False
http://www.baibeauty.com/v2/official,0,www.baibeauty.com,17,False,1.0,21.0,0.6004,0.0,False,,,False
http://www.bbhouse.com.tw/,0,www.bbhouse.com.tw,18,False,0.0,0.0,0.0,0.0,False,,,False
http://www.bbhouse.com.tw/App/Shop/Default.aspx,0,www.bbhouse.com.tw,18,False,0.0,0.0,0.0,0.0,False,,,False
http://www.beartwo.com.tw/,0,www.beartwo.com.tw,18,False,0.0,0.0,0.0,0.0,False,0.0,,False
http://www.bemax.com.tw/,0,www.bemax.com.tw,16,False,0.0,0.0,0.0,0.0,False,0.0,,False
http://www.bemax.com.tw/App/Shop/Default.aspx,0,www.bemax.com.tw,16,False,0.0,0.0,0.0,0.0,False,,,False
http://www.bfw.com.tw/,0,www.bfw.com.tw,14,False,0.0,0.0,0.0,0.0,False,0.0,,False
http://www.bgshop.com.tw/Shop/,0,www.bgshop.com.tw,17,False,0.0,0.0,0.0,0.0,False,,,False
http://www.bigtrain.tw/v2/official,0,www.bigtrain.tw,15,False,1.0,23.0,0.0,0.0,False,0.0,,False
http://www.bioessence.com.tw/,0,www.bioessence.com.tw,21,False,0.0,0.0,0.0,0.0,False,,,False
http://www.bobsonjeans.com.tw/,0,www.bobsonjeans.com.tw,22,False,0.0,0.0,0.0,0.0,True,0.0,,False
http://www.bonjour.tw/,0,www.bonjour.tw,14,False,0.0,0.0,0.0,0.0,False,,,False
http://www.bonniehouse.com.tw/,0,www.bonniehouse.com.tw,22,False,0.0,0.0,0.0,0.0,True,0.0,,False
http://www.bonuswinner.com.tw/,0,www.bonuswinner.com.tw,22,False,0.0,0.0,0.0,0.0,False,0.0,,False
http://www.bonuswinner.com.tw/home/,0,www.bonuswinner.com.tw,22,False,0.0,0.0,0.0,0.0,False,,,False
http://www.books.com.tw/,0,www.books.com.tw,16,False,1.0,2.0,0.8169230769230771,0.0,False,0.0,,False
http://www.boy2.com.tw/Shop/index.aspx,0,www.boy2.com.tw,15,False,0.0,0.0,0.0,0.0,False,,,False
http://www.brandoff.tw/,0,www.brandoff.tw,15,False,0.0,0.0,0.0,0.0,False,0.0,,False
http://www.brita.tw/brita/tw-tw/cms/cpd.grid,0,www.brita.tw,12,False,0.0,0.0,0.0,0.0,False,0.0,,False
http://www.btu.com.tw/,0,www.btu.com.tw,14,False,1.0,2.0,0.0,0.0,False,,,False
http://www.byfunme.me/,0,www.byfunme.me,14,False,1.0,4.0,0.8461538461538459,1.0,False,0.0,0.0,False
http://www.caco.com.tw/Shop/,0,www.caco.com.tw,15,False,0.0,0.0,0.0,0.0,False,0.0,,False
http://www.canon.com.tw/,0,www.canon.com.tw,16,False,0.0,0.0,0.0,0.0,False,0.0,,False
http://www.caroline.com.tw/,0,www.caroline.com.tw,19,False,0.0,0.0,0.0,0.0,False,,,False
http://www.chenson.tw/,0,www.chenson.tw,14,False,0.0,0.0,0.0,0.0,False,0.0,,False
http://www.chiayi.org.tw/,0,www.chiayi.org.tw,17,False,0.0,0.0,0.0,0.0,False,,,False
http://www.chicchoc.com.tw/,0,www.chicchoc.com.tw,19,False,0.0,0.0,0.0,0.0,False,,,False
http://www.chicchoc.com.tw/ch/index.aspx,0,www.chicchoc.com.tw,19,False,0.0,0.0,0.0,0.0,False,0.0,,False
http://www.chineseinla.com/,0,www.chineseinla.com,19,False,1.0,1.0,0.0,0.0,False,0.0,,False
http://www.chiuhua.com.tw/,0,www.chiuhua.com.tw,18,False,1.0,2.0,0.9487750556792872,0.0,False,,,False
http://www.cite.com.tw/,0,www.cite.com.tw,15,False,1.0,1.0,0.915966386554621,0.0,False,,,False
http://www.citizenwatch.com.tw/mobile/,0,www.citizenwatch.com.tw,23,False,0.0,0.0,0.0,0.0,False,,,False
http://www.combi.com.tw/,0,www.combi.com.tw,16,False,0.0,0.0,0.0,0.0,False,0.0,,False
http://www.crocs.com.tw/,0,www.crocs.com.tw,16,False,0.0,0.0,0.0,0.0,False,0.0,,False
http://www.dayneeds.com/,0,www.dayneeds.com,16,False,0.0,0.0,0.0,0.0,False,0.0,0.0,False
http://www.dclife.co.jp/,0,www.dclife.co.jp,16,False,0.0,0.0,0.0,0.0,False,,,False
http://www.dggmall.com.tw/,0,www.dggmall.com.tw,18,False,1.0,1.0,0.0,0.0,False,,,False
http://www.dggmall.com.tw/phpshop/,0,www.dggmall.com.tw,18,False,1.0,1.0,0.0,0.0,False,0.0,,False
http://www.double-love.tw/,0,www.double-love.tw,18,False,0.0,0.0,0.0,0.0,False,,,False
http://www.double-love.tw/App/Shop/Default.aspx,0,www.double-love.tw,18,False,0.0,0.0,0.0,0.0,False,0.0,,False
http://www.drcink.com.tw/,0,www.drcink.com.tw,17,False,0.0,0.0,0.0,0.0,False,0.0,,False
http://www.drcink.com.tw/App/Shop/Default.aspx,0,www.drcink.com.tw,17,False,0.0,0.0,0.0,0.0,False,,,False
http://www.eding.com.tw/v2/official,0,www.eding.com.tw,16,False,1.0,4.0,0.9009009009009,0.0,False,,,False
http://www.efuji.com.tw/,0,www.efuji.com.tw,16,False,1.0,2.0,0.35152838427947497,0.0,False,,,False
http://www.elle.com/,0,www.elle.com,12,False,1.0,2.0,0.0,0.0,True,0.0,0.0,False
http://www.elledecor.com/,0,www.elledecor.com,17,False,1.0,1.0,0.0,0.0,False,0.0,0.0,False
http://www.febico.com.tw/,0,www.febico.com.tw,17,False,0.0,0.0,0.0,0.0,True,,,False
http://www.fila.com.tw/,0,www.fila.com.tw,15,False,0.0,0.0,0.0,0.0,False,0.0,,False
http://www.filminstax.com.tw/,0,www.filminstax.com.tw,21,False,1.0,3.0,0.21739130434782605,0.0,False,,,False
http://www.fitnessdigital.com.tw/Default.aspx,0,www.fitnessdigital.com.tw,25,False,1.0,1.0,0.23861473337310699,0.0,False,,,False
http://www.fly-sport.com.tw/,0,www.fly-sport.com.tw,20,False,1.0,1.0,0.0,0.0,False,,,False
http://www.flymi.com.tw/,0,www.flymi.com.tw,16,False,0.0,0.0,0.0,1.0,False,,,False
http://www.fossil-asia.com/zh/tw.html,0,www.fossil-asia.com,19,False,0.0,0.0,0.0,1.0,False,0.0,,False
http://www.freeshop-app.com.tw/v2/official,0,www.freeshop-app.com.tw,23,False,1.0,24.0,1.0,0.0,False,,,False
http://www.fun4go.com/,0,www.fun4go.com,14,False,1.0,2.0,0.027173913043478003,0.0,False,0.0,1.0,False
http://www.funbox.com.tw/,0,www.funbox.com.tw,17,False,0.0,0.0,0.0,0.0,False,0.0,,False
http://www.funsport.com.tw/v2/official,0,www.funsport.com.tw,19,False,1.0,2.0,0.17500000000000002,0.0,False,0.0,,False
http://www.garmin.com.tw/,0,www.garmin.com.tw,17,False,0.0,0.0,0.0,0.0,False,0.0,,False
http://www.garnier.com.tw/,0,www.garnier.com.tw,18,False,0.0,0.0,0.0,0.0,False,0.0,,False
http://www.geox.com/en/,0,www.geox.com,12,False,0.0,0.0,0.0,0.0,False,0.0,0.0,False
http://www.giordano.com/TW/zh-CHT/,0,www.giordano.com,16,False,0.0,0.0,0.0,0.0,False,0.0,0.0,False
http://www.gozo.com.tw/,0,www.gozo.com.tw,15,False,0.0,0.0,0.0,0.0,False,,,False
http://www.gwt.com.tw/,0,www.gwt.com.tw,14,False,0.0,0.0,0.0,0.0,False,,,False
http://www.hair.com.tw/,0,www.hair.com.tw,15,False,0.0,0.0,0.0,0.0,False,0.0,,False
http://www.hannfort.com/v2/official,0,www.hannfort.com,16,False,1.0,9.0,0.5657894736842101,0.0,False,0.0,1.0,False
http://www.hdlife.com.tw/,0,www.hdlife.com.tw,17,False,0.0,0.0,0.0,0.0,False,0.0,,False
http://www.herls.com.tw/,0,www.herls.com.tw,16,False,1.0,1.0,0.0,0.0,False,,,False
http://www.hilife.com.tw/,0,www.hilife.com.tw,17,False,0.0,0.0,0.0,0.0,False,,,False
http://www.hjtilemuseum.com.tw/,0,www.hjtilemuseum.com.tw,23,False,0.0,0.0,0.0,0.0,False,,,False
http://www.house581.com/index.asp,0,www.house581.com,16,True,1.0,3.0,0.14080459770114903,0.0,False,0.0,0.0,False
http://www.howowo.com.tw/v2/official,0,www.howowo.com.tw,17,False,1.0,2.0,1.0,0.0,False,,,False
http://www.hsp.net.tw/,0,www.hsp.net.tw,14,False,0.0,0.0,0.0,0.0,False,0.0,,False
http://www.htc.com/tw/,0,www.htc.com,11,False,0.0,0.0,0.0,0.0,True,0.0,0.0,False
http://www.hushpuppies.com.tw/,0,www.hushpuppies.com.tw,22,False,0.0,0.0,0.0,0.0,False,,,False
http://www.hushpuppies.com.tw/Web/Index.aspx,0,www.hushpuppies.com.tw,22,False,0.0,0.0,0.0,0.0,False,0.0,,False
http://www.innisfree.com/tw/en/,0,www.innisfree.com,17,False,0.0,0.0,0.0,0.0,False,0.0,,False
http://www.innisfree.com/tw/en/main/index.do,0,www.innisfree.com,17,False,0.0,0.0,0.0,0.0,False,0.0,,False
http://www.ipeen.com.tw/,0,www.ipeen.com.tw,16,False,0.0,0.0,0.0,0.0,False,0.0,,False
http://www.istayreal.com/,0,www.istayreal.com,17,False,0.0,0.0,0.0,0.0,False,0.0,0.0,False
http://www.ivenus.com.tw/v2/official,0,www.ivenus.com.tw,17,False,1.0,4.0,0.30060120240480903,0.0,False,,,False
http://www.jerryshop.com.tw/v2/official,0,www.jerryshop.com.tw,20,False,1.0,2.0,1.0,0.0,False,0.0,,False
http://www.joannashop.com.tw/v2/official,0,www.joannashop.com.tw,21,False,1.0,34.0,1.0,0.0,False,,,False
http://www.johnsonfitness.com.tw/,0,www.johnsonfitness.com.tw,25,False,0.0,0.0,0.0,0.0,False,0.0,,False
http://www.jsit.com.tw/,0,www.jsit.com.tw,15,False,0.0,0.0,0.0,0.0,False,,,False
http://www.karine.com.tw/v2/official,0,www.karine.com.tw,17,False,1.0,20.0,0.15151515151515102,0.0,False,,,False
http://www.keywear.com.tw/,0,www.keywear.com.tw,18,False,0.0,0.0,0.0,0.0,False,,,False
http://www.kuga.com.tw/,0,www.kuga.com.tw,15,False,0.0,0.0,0.0,0.0,False,0.0,,False
http://www.ladyparis.com.tw/,0,www.ladyparis.com.tw,20,False,0.0,0.0,0.0,0.0,False,,,False
http://www.lancome.com.tw/,0,www.lancome.com.tw,18,False,1.0,1.0,0.5693430656934301,0.0,False,,,False
http://www.lane172.com.tw/v2/official,0,www.lane172.com.tw,18,True,1.0,7.0,1.0,0.0,False,,,False
http://www.laneige.com/tw/zh/main.html,0,www.laneige.com,15,False,0.0,0.0,0.0,0.0,False,0.0,,False
http://www.lanew.com.tw/,0,www.lanew.com.tw,16,False,0.0,0.0,0.0,0.0,True,,,False
http://www.linliwedding.com/,0,www.linliwedding.com,20,False,0.0,0.0,0.0,0.0,False,,,False
http://www.liuli.com.tw/,0,www.liuli.com.tw,16,False,0.0,0.0,0.0,0.0,False,0.0,,False
http://www.locknlockmall.com.tw/,0,www.locknlockmall.com.tw,24,False,1.0,2.0,0.255627813906953,0.0,False,,,False
http://www.lomopie.com/,0,www.lomopie.com,15,False,1.0,3.0,0.0,0.0,False,0.0,0.0,False
http://www.loreal.com.tw/,0,www.loreal.com.tw,17,False,0.0,0.0,0.0,0.0,False,0.0,,False
http://www.luxury.com.tw/v3/index.asp?src=,0,www.luxury.com.tw,17,False,1.0,4.0,0.0,0.0,False,,,False
http://www.mackids.com.tw/,0,www.mackids.com.tw,18,False,1.0,1.0,0.25,0.0,False,0.0,,False
http://www.mandyshop.com.tw/Shop/,0,www.mandyshop.com.tw,20,False,0.0,0.0,0.0,0.0,False,,,False
http://www.metroasis.com.tw/,0,www.metroasis.com.tw,20,False,0.0,0.0,0.0,0.0,False,0.0,,False
http://www.metroasis.com.tw/main.php,0,www.metroasis.com.tw,20,False,0.0,0.0,0.0,0.0,False,,,False
http://www.miaki.com.tw/v2/official,0,www.miaki.com.tw,16,False,1.0,39.0,0.404040404040404,0.0,False,,,False
http://www.minibambini.com.tw/,0,www.minibambini.com.tw,22,False,0.0,0.0,0.0,0.0,False,,,False
http://www.minoshe.com.tw/,0,www.minoshe.com.tw,18,False,0.0,0.0,0.0,0.0,True,,,False
http://www.miu-star.com.tw/v2/official,0,www.miu-star.com.tw,19,False,1.0,32.0,,0.0,False,0.0,,False
http://www.morv.com.tw/,0,www.morv.com.tw,15,False,,,,,False,,,False
http://www.muji.com/,0,www.muji.com,12,False,0.0,0.0,0.0,0.0,False,0.0,0.0,False
http://www.nacnac.com.tw/,0,www.nacnac.com.tw,17,False,0.0,0.0,0.0,0.0,False,,,False
http://www.nailsmall.tw/,0,www.nailsmall.tw,16,False,1.0,4.0,0.8461538461538459,1.0,False,0.0,,False
http://www.nanamagic.com.tw/v2/official,0,www.nanamagic.com.tw,20,False,1.0,10.0,1.0,0.0,False,0.0,,False
http://www.naruko.com.tw/shop/index.php,0,www.naruko.com.tw,17,False,1.0,2.0,0.774436090225563,0.0,True,0.0,,False
http://www.naturally-jojo.com/,0,www.naturally-jojo.com,22,False,0.0,0.0,0.0,0.0,False,0.0,0.0,False
http://www.nubra.com.tw/,0,www.nubra.com.tw,16,False,1.0,1.0,0.0,0.0,False,,,False
http://www.ohoh-mini.com/,0,www.ohoh-mini.com,17,False,,,,,False,0.0,0.0,False
http://www.opi-nail.com.tw/,0,www.opi-nail.com.tw,19,False,0.0,0.0,0.0,0.0,False,,,False
http://www.oralfreshtw.com/,0,www.oralfreshtw.com,19,False,0.0,0.0,0.0,0.0,False,1.0,0.0,False
http://www.outdoorfun.com.tw/,0,www.outdoorfun.com.tw,21,False,1.0,3.0,0.0,0.0,False,0.0,,False
http://www.palmerstaiwan.com.tw/,0,www.palmerstaiwan.com.tw,24,False,0.0,0.0,0.0,0.0,True,,,False
http://www.pcstore.com.tw/,0,www.pcstore.com.tw,18,False,1.0,2.0,0.444307149161518,0.0,False,,,False
http://www.peachy.com.tw/v2/official,0,www.peachy.com.tw,17,False,1.0,4.0,1.0,0.0,False,,,False
http://www.playboytw.com/,0,www.playboytw.com,17,False,0.0,0.0,0.0,0.0,True,0.0,0.0,False
http://www.playershop.com.tw/Shop/,0,www.playershop.com.tw,21,False,0.0,0.0,0.0,0.0,False,,,False
http://www.privatestructure.com.tw/,0,www.privatestructure.com.tw,27,False,1.0,2.0,0.0,0.0,True,,,False
http://www.public.com.tw/,0,www.public.com.tw,17,False,0.0,0.0,0.0,0.0,False,0.0,,False
http://www.pufii.com.tw/Shop/,0,www.pufii.com.tw,16,False,0.0,0.0,0.0,0.0,False,0.0,,False
http://www.queen3c.com.tw/,0,www.queen3c.com.tw,18,False,0.0,0.0,0.0,0.0,False,,,False
http://www.rainbow-shop.com.tw/Shop/,0,www.rainbow-shop.com.tw,23,False,0.0,0.0,0.0,0.0,False,,,False
http://www.rainbow3c.com.tw/,0,www.rainbow3c.com.tw,20,False,0.0,0.0,0.0,0.0,False,,,False
http://www.rainbow3c.com.tw/CHP51/,0,www.rainbow3c.com.tw,20,False,0.0,0.0,0.0,0.0,False,,,False
http://www.readingtimes.com.tw/,0,www.readingtimes.com.tw,23,False,0.0,0.0,0.0,0.0,False,0.0,,False
http://www.readingtimes.com.tw/ReadingTimes/default.aspx,0,www.readingtimes.com.tw,23,False,0.0,0.0,0.0,0.0,False,,,False
http://www.rearhouse.com.tw/,0,www.rearhouse.com.tw,20,False,0.0,0.0,0.0,0.0,False,0.0,,False
http://www.rebeccabonbon.com.tw/v2/official,0,www.rebeccabonbon.com.tw,24,False,1.0,13.0,1.0,0.0,False,,,False
http://www.richbaby.com.tw/,0,www.richbaby.com.tw,19,False,0.0,0.0,0.0,0.0,False,,,False
http://www.rovoleta.com.tw/,0,www.rovoleta.com.tw,19,False,0.0,0.0,0.0,0.0,False,0.0,,False
http://www.rovoleta.com.tw/App/Shop/Default.aspx,0,www.rovoleta.com.tw,19,False,0.0,0.0,0.0,0.0,False,,,False
http://www.runwayco.tw/v2/official,0,www.runwayco.tw,15,False,1.0,3.0,1.0,0.0,False,0.0,,False
http://www.s-moda.com.tw/webapp/wcs/stores/servlet/TopCategoriesDisplay?catalogId=10101&urlLangId=-8&langId=-8&urlRequestType=Base&storeId=10001,0,www.s-moda.com.tw,17,False,0.0,0.0,0.0,0.0,False,0.0,,False
http://www.samsonite.com.tw/,0,www.samsonite.com.tw,20,False,0.0,0.0,0.0,0.0,False,,,False
http://www.samsung.com/tw/,0,www.samsung.com,15,False,0.0,0.0,0.0,0.0,False,0.0,0.0,False
http://www.sanjing3c.com.tw/,0,www.sanjing3c.com.tw,20,False,1.0,2.0,0.561633281972265,0.0,False,,,False
http://www.sanuk.com.tw/,0,www.sanuk.com.tw,16,False,1.0,6.0,1.0,0.0,False,0.0,,False
http://www.sc.com.tw/,0,www.sc.com.tw,13,False,1.0,4.0,0.28645833333333304,0.0,False,,,False
http://www.sebamed.com.tw/,0,www.sebamed.com.tw,18,False,0.0,0.0,0.0,0.0,True,,,False
http://www.seiko.com.tw/,0,www.seiko.com.tw,16,False,0.0,0.0,0.0,0.0,False,0.0,,False
http://www.shape.com.tw/v2/official,0,www.shape.com.tw,16,False,1.0,13.0,0.0,0.0,False,,,False
http://www.shoushia.com.tw/,0,www.shoushia.com.tw,19,False,1.0,1.0,0.598657718120805,0.0,False,,,False
http://www.siangsliving.com.tw/v2/official,0,www.siangsliving.com.tw,23,False,1.0,4.0,1.0,0.0,False,,,False
http://www.silwa.com.tw/,0,www.silwa.com.tw,16,False,0.0,0.0,0.0,0.0,False,,,False
http://www.skechers-twn.com/zh-tw/home,0,www.skechers-twn.com,20,False,0.0,0.0,0.0,0.0,False,0.0,0.0,False
http://www.space-picnic.com/,0,www.space-picnic.com,20,False,1.0,4.0,0.36560934891485797,0.0,False,1.0,0.0,False
http://www.srbook.com.tw/,0,www.srbook.com.tw,17,False,0.0,0.0,0.0,0.0,False,,,False
http://www.stripe-club.com.tw/v2/official,0,www.stripe-club.com.tw,22,False,1.0,19.0,0.615,0.0,False,,,False
http://www.stylemina.com/,0,www.stylemina.com,17,False,1.0,5.0,0.38235294117647,0.0,False,0.0,0.0,False
http://www.swissvita.com/,0,www.swissvita.com,17,False,1.0,1.0,0.23333333333333306,0.0,False,0.0,0.0,False
http://www.takasima.com/,0,www.takasima.com,16,False,0.0,0.0,0.0,0.0,False,0.0,0.0,False
http://www.tayoco.com.tw/,0,www.tayoco.com.tw,17,False,1.0,1.0,0.482758620689655,0.0,False,,,False
http://www.tecohome.com.tw/tw,0,www.tecohome.com.tw,19,False,0.0,0.0,0.0,0.0,False,,,False
http://www.ten-full.com/,0,www.ten-full.com,16,False,0.0,0.0,0.0,0.0,False,,,False
http://www.ten-full.com/news.php,0,www.ten-full.com,16,False,0.0,0.0,0.0,0.0,False,0.0,0.0,False
http://www.thebrandboutique.co.za/,0,www.thebrandboutique.co.za,26,False,0.0,0.0,0.0,0.0,False,0.0,,False
http://www.tiger-corporation.tw/,0,www.tiger-corporation.tw,24,False,0.0,0.0,0.0,0.0,False,0.0,,False
http://www.timberland.com.tw/,0,www.timberland.com.tw,21,False,0.0,0.0,0.0,0.0,False,0.0,,False
http://www.tipsypresent.com/,0,www.tipsypresent.com,20,False,1.0,9.0,0.0,0.0,False,0.0,0.0,False
http://www.tokuyo.com.tw/,0,www.tokuyo.com.tw,17,False,0.0,0.0,0.0,0.0,False,0.0,,False
http://www.tokyo-queen.com.tw/Shop/,0,www.tokyo-queen.com.tw,22,False,0.0,0.0,0.0,0.0,False,,,False
http://www.toms.com/,0,www.toms.com,12,False,1.0,3.0,0.5,0.0,False,0.0,0.0,False
http://www.tonia-nicole.com/,0,www.tonia-nicole.com,20,False,0.0,0.0,0.0,0.0,False,0.0,0.0,False
http://www.triumph.com/tw/zh/index.html,0,www.triumph.com,15,False,0.0,0.0,0.0,0.0,False,0.0,0.0,False
http://www.ukuleletaiwan.com/,0,www.ukuleletaiwan.com,21,False,0.0,0.0,0.0,0.0,False,,,False
http://www.vichy.com.tw/index.php,0,www.vichy.com.tw,16,False,0.0,0.0,0.0,0.0,False,0.0,,False
http://www.vs-sweet.com/v2/official,0,www.vs-sweet.com,16,False,1.0,2.0,1.0,0.0,False,0.0,0.0,False
http://www.watershop.com.tw/,0,www.watershop.com.tw,20,False,0.0,0.0,0.0,0.0,False,,,False
http://www.watsons.com.tw/,0,www.watsons.com.tw,18,False,1.0,4.0,0.8888888888888881,0.0,False,0.0,,False
http://www.wealthmarch.com.tw/,0,www.wealthmarch.com.tw,22,False,0.0,0.0,0.0,0.0,False,,,False
http://www.web66.com.tw/,0,www.web66.com.tw,16,False,1.0,2.0,0.3616,0.0,False,0.0,,False
http://www.well-come.com.tw/v2/official,0,www.well-come.com.tw,20,False,1.0,2.0,0.223048327137546,0.0,False,,,False
http://www.wengcollectionplus.com/v2/official,0,www.wengcollectionplus.com,26,False,1.0,38.0,,0.0,False,,,False
http://www.wumi.com.tw/v2/official,0,www.wumi.com.tw,15,False,1.0,9.0,0.0,0.0,False,,,False
http://www.x-bike.com.tw/,0,www.x-bike.com.tw,17,False,1.0,23.0,0.8382352941176471,0.0,False,0.0,,False
http://www.yc8899.com.tw/,0,www.yc8899.com.tw,17,False,1.0,6.0,0.107142857142857,0.0,False,,,False
http://www.ycctech.com.tw/,0,www.ycctech.com.tw,18,False,0.0,0.0,0.0,0.0,False,,,False
http://www.ys3c.tw/v2/official,0,www.ys3c.tw,11,False,1.0,36.0,0.6680672268907559,0.0,False,,,False
http://www.yvonneco.com.tw/,0,www.yvonneco.com.tw,19,False,0.0,0.0,0.0,0.0,False,,,False
http://xn--rht299kicd.tw/,0,xn--rht299kicd.tw,17,False,0.0,0.0,0.0,0.0,False,0.0,,False
https://biggo.com.tw/,0,biggo.com.tw,12,False,1.0,2.0,0.0,0.0,False,,,True
https://ci-labo.com.tw/,0,ci-labo.com.tw,14,False,1.0,2.0,0.213483146067415,0.0,False,,,False
https://concerto.com.tw/v2/official,0,concerto.com.tw,15,False,1.0,8.0,0.4571428571428571,0.0,False,1.0,,False
https://en.wikipedia.org/,0,en.wikipedia.org,16,False,1.0,3.0,0.5617977528089879,0.0,False,0.0,0.0,True
https://feebee.com.tw/,0,feebee.com.tw,13,False,1.0,1.0,0.3996998499249621,0.0,False,0.0,,False
https://forum.gamer.com.tw/,0,forum.gamer.com.tw,18,False,0.0,0.0,0.0,0.0,False,,,False
https://gopro.com/,0,gopro.com,9,False,0.0,0.0,0.0,0.0,False,0.0,0.0,True
https://hedgren.com/,0,hedgren.com,11,False,0.0,0.0,0.0,0.0,False,0.0,0.0,True
https://hk.ecco.com/,0,hk.ecco.com,11,False,0.0,0.0,0.0,0.0,False,0.0,0.0,False
https://m.pcone.com.tw/,0,m.pcone.com.tw,14,False,1.0,3.0,0.9597132471728592,0.0,False,,,False
https://meetdress.waca.ec/,0,meetdress.waca.ec,17,False,1.0,3.0,0.5,0.0,False,,,False
https://news.tvbs.com.tw/,0,news.tvbs.com.tw,16,False,0.0,0.0,0.0,0.0,False,,,False
https://nt66.com.tw/,0,nt66.com.tw,11,False,0.0,0.0,0.0,0.0,False,0.0,,False
https://online.senao.com.tw/,0,online.senao.com.tw,19,False,1.0,2.0,0.4652173913043471,0.0,False,0.0,,False
https://page.line.me/jp/,0,page.line.me,12,False,0.0,0.0,0.0,0.0,False,0.0,0.0,False
https://pbof.com.tw/,0,pbof.com.tw,11,False,1.0,3.0,1.0,1.0,False,,,False
https://q92hv.iheart.com/,0,q92hv.iheart.com,16,False,1.0,1.0,0.977,0.0,True,0.0,0.0,False
https://shop.cookpot.com.tw/,0,shop.cookpot.com.tw,19,False,0.0,0.0,0.0,1.0,False,,,False
https://shop.in-mommy.com/,0,shop.in-mommy.com,17,False,1.0,6.0,0.1,0.0,False,0.0,,False
https://shopping.friday.tw/,0,shopping.friday.tw,18,False,1.0,5.0,0.742,0.0,False,0.0,,False
https://sl.se/,0,sl.se,5,False,0.0,0.0,0.0,0.0,False,0.0,,True
https://store.goshoptw.com/,0,store.goshoptw.com,18,False,1.0,8.0,0.101010101010101,0.0,False,0.0,,False
https://store.lishih.net/,0,store.lishih.net,16,False,1.0,1.0,0.5657894736842101,0.0,False,0.0,0.0,False
https://swissvita.allyoung.com.tw/,0,swissvita.allyoung.com.tw,25,False,1.0,1.0,0.23333333333333306,0.0,False,,,False
https://tw.loccitane.com/,0,tw.loccitane.com,16,False,1.0,6.0,0.8306451612903221,0.0,False,0.0,0.0,False
https://tw.msi.com/,0,tw.msi.com,10,False,0.0,0.0,0.0,0.0,False,0.0,0.0,False
https://tw.transcend-info.com/,0,tw.transcend-info.com,21,False,0.0,0.0,0.0,0.0,False,0.0,0.0,False
https://www.104.com.tw/,0,www.104.com.tw,14,True,0.0,0.0,0.0,0.0,False,,,False
https://www.1111.com.tw/,0,www.1111.com.tw,15,True,1.0,2.0,0.35152838427947497,0.0,False,0.0,,False
https://www.17goshop.com.tw/,0,www.17goshop.com.tw,19,True,1.0,2.0,0.2,0.0,False,1.0,,False
https://www.518.com.tw/,0,www.518.com.tw,14,True,1.0,1.0,0.0,0.0,False,,,False
https://www.520used.com/,0,www.520used.com,15,True,0.0,0.0,0.0,0.0,False,0.0,0.0,False
https://www.86shop.com.tw/,0,www.86shop.com.tw,17,False,1.0,12.0,0.0,0.0,False,0.0,,False
https://www.9x9.tw/,0,www.9x9.tw,10,False,1.0,1.0,1.0,0.0,False,0.0,,False
https://www.acer.com/ac/en/US/content/home,0,www.acer.com,12,False,0.0,0.0,0.0,0.0,False,0.0,0.0,False
https://www.acer.com/worldwide/selection.html,0,www.acer.com,12,False,0.0,0.0,0.0,0.0,False,0.0,0.0,False
https://www.ailian.com.tw/,0,www.ailian.com.tw,17,False,1.0,2.0,0.9,1.0,False,,,False
https://www.ailian.com.tw/shop/plaza.php,0,www.ailian.com.tw,17,False,1.0,2.0,0.9,1.0,False,,,False
https://www.aluxediamond.com/tw/,0,www.aluxediamond.com,20,False,1.0,1.0,0.0,0.0,False,0.0,0.0,False
https://www.amuzinc.com/,0,www.amuzinc.com,15,False,0.0,0.0,0.0,0.0,False,0.0,0.0,False
https://www.apple.com/,0,www.apple.com,13,False,0.0,0.0,0.0,0.0,False,0.0,0.0,False
https://www.artisbrush.com/,0,www.artisbrush.com,18,False,0.0,0.0,0.0,0.0,False,0.0,,False
https://www.asus.com/tw/,0,www.asus.com,12,False,0.0,0.0,0.0,0.0,False,0.0,0.0,False
https://www.autobuy.tw/,0,www.autobuy.tw,14,False,1.0,19.0,0.949070778964017,0.0,False,,,False
https://www.babu.com.tw/,0,www.babu.com.tw,15,False,0.0,0.0,0.0,1.0,False,,,False
https://www.babyview.com.tw/,0,www.babyview.com.tw,19,False,1.0,8.0,1.0,0.0,False,,,False
https://www.bluecatnetworks.com/,0,www.bluecatnetworks.com,23,False,0.0,0.0,0.0,0.0,False,,,False
https://www.bossini.com.tw/,0,www.bossini.com.tw,18,False,0.0,0.0,0.0,0.0,False,,,False
https://www.braun.tw/zh-tw,0,www.braun.tw,12,False,0.0,0.0,0.0,0.0,False,0.0,,False
https://www.carfans.com.tw/,0,www.carfans.com.tw,18,False,1.0,7.0,0.19777777777777705,0.0,False,,,False
https://www.chuyu-culture.com/,0,www.chuyu-culture.com,21,False,1.0,6.0,0.107142857142857,0.0,False,0.0,0.0,False
https://www.citysports.com/,0,www.citysports.com,18,False,1.0,7.0,0.5918367346938771,0.0,False,0.0,0.0,False
https://www.cm999.com.tw/,0,www.cm999.com.tw,16,False,0.0,0.0,0.0,0.0,False,,,False
https://www.columbiasportswear.hk/,0,www.columbiasportswear.hk,25,False,1.0,1.0,0.9090495679854472,0.0,False,,,False
https://www.cosmed.com.tw/,0,www.cosmed.com.tw,17,False,1.0,12.0,0.0,0.0,False,,,False
https://www.daf-shoes.com/,0,www.daf-shoes.com,17,False,0.0,0.0,0.0,0.0,False,0.0,0.0,False
https://www.daiso.com.tw/,0,www.daiso.com.tw,16,False,0.0,0.0,0.0,0.0,False,,,False
https://www.dfd.com.tw/,0,www.dfd.com.tw,14,False,1.0,3.0,0.214572192513368,0.0,False,,,False
https://www.dolce-gusto.com.tw/,0,www.dolce-gusto.com.tw,22,False,1.0,1.0,0.0,0.0,False,0.0,,False
https://www.dr-hsieh.com/,0,www.dr-hsieh.com,16,False,0.0,0.0,0.0,0.0,False,0.0,,False
https://www.dyson.tw/,0,www.dyson.tw,12,False,0.0,0.0,0.0,0.0,False,0.0,,False
https://www.easyshop.com.tw/,0,www.easyshop.com.tw,19,False,0.0,0.0,0.0,0.0,True,0.0,,False
https://www.eclife.com.tw/,0,www.eclife.com.tw,17,False,1.0,2.0,1.0,0.0,False,,,False
https://www.ege.tw/,0,www.ege.tw,10,False,1.0,2.0,0.8318318318318311,0.0,False,,,False
https://www.esteelauder.com.tw/,0,www.esteelauder.com.tw,22,False,1.0,1.0,0.0,0.0,False,0.0,,False
https://www.etmall.com.tw/,0,www.etmall.com.tw,17,False,0.0,0.0,0.0,0.0,False,0.0,,False
https://www.eversimple.co/,0,www.eversimple.co,17,False,1.0,1.0,0.0,0.0,False,0.0,0.0,False
https://www.famiclean.tw/,0,www.famiclean.tw,16,False,1.0,3.0,0.15,0.0,False,0.0,,False
https://www.fdp.com.tw/v2/official,0,www.fdp.com.tw,14,False,1.0,11.0,0.748603351955307,0.0,False,0.0,,False
https://www.fes.com.tw/,0,www.fes.com.tw,14,False,0.0,0.0,0.0,0.0,False,,,False
https://www.findprice.com.tw/,0,www.findprice.com.tw,20,False,1.0,1.0,0.0,0.0,False,0.0,,False
https://www.fmshoes.com.tw/,0,www.fmshoes.com.tw,18,False,1.0,7.0,1.0,0.0,False,0.0,,False
https://www.ftc.gov.tw/internet/main/index.aspx,0,www.ftc.gov.tw,14,False,1.0,1.0,0.0,0.0,False,,,False
https://www.genquo.com/,0,www.genquo.com,14,False,0.0,0.0,0.0,0.0,False,0.0,0.0,False
https://www.georgeshoes.taipei/,0,www.georgeshoes.taipei,22,False,0.0,0.0,0.0,0.0,False,0.0,0.0,False
https://www.giantcyclingworld.com/,0,www.giantcyclingworld.com,25,False,1.0,3.0,0.144927536231884,0.0,False,0.0,0.0,False
https://www.gioshoes.com.tw/,0,www.gioshoes.com.tw,19,False,1.0,1.0,1.0,0.0,False,,,False
https://www.gnc.com.tw/,0,www.gnc.com.tw,14,False,1.0,2.0,0.29698492462311504,0.0,False,0.0,,False
https://www.gotobuy.com.tw/,0,www.gotobuy.com.tw,18,False,1.0,7.0,0.7307692307692301,0.0,False,,,False
https://www.goyomoney.com.tw/,0,www.goyomoney.com.tw,20,False,1.0,7.0,0.4,0.0,False,,,False
https://www.hanshin.com.tw/,0,www.hanshin.com.tw,18,False,0.0,0.0,0.0,0.0,False,,,False
https://www.jeep.com/,0,www.jeep.com,12,False,1.0,1.0,0.9117669169246052,0.0,False,0.0,0.0,False
https://www.jhsport.com.tw/,0,www.jhsport.com.tw,18,False,1.0,4.0,1.0,0.0,False,,,False
https://www.joyce-shop.com/,0,www.joyce-shop.com,18,False,0.0,0.0,0.0,0.0,False,0.0,0.0,False
https://www.justherb.com.tw/,0,www.justherb.com.tw,19,False,0.0,0.0,0.0,0.0,False,,,False
https://www.jw.org/en/,0,www.jw.org,10,False,0.0,0.0,0.0,0.0,False,0.0,0.0,False
https://www.jystore.com.tw/,0,www.jystore.com.tw,18,False,1.0,3.0,0.8474489795918361,0.0,False,0.0,,False
https://www.kellylove.com.tw/,0,www.kellylove.com.tw,20,False,0.0,0.0,0.0,0.0,False,,,False
https://www.kingstone.com.tw/,0,www.kingstone.com.tw,20,False,0.0,0.0,0.0,0.0,False,0.0,,False
https://www.kinstar.com.tw/,0,www.kinstar.com.tw,18,False,0.0,0.0,0.0,0.0,False,,,False
https://www.kipling.com.tw/,0,www.kipling.com.tw,18,False,0.0,0.0,0.0,0.0,False,,,False
https://www.kirohome.com/,0,www.kirohome.com,16,False,1.0,4.0,0.27839643652561197,0.0,False,0.0,0.0,False
https://www.komonoya.com.tw/komonoya/index.php,0,www.komonoya.com.tw,19,False,1.0,11.0,0.24137931034482699,0.0,False,,,False
https://www.littlemoni.com.tw/,0,www.littlemoni.com.tw,21,False,1.0,3.0,0.20080321285140498,0.0,False,0.0,,False
https://www.logitech.com/zh-tw,0,www.logitech.com,16,False,0.0,0.0,0.0,0.0,False,0.0,0.0,False
https://www.lorealparis.com.tw/,0,www.lorealparis.com.tw,22,False,0.0,0.0,0.0,0.0,False,,,False
https://www.lovingfamily.com.tw/TC/index.aspx,0,www.lovingfamily.com.tw,23,False,0.0,0.0,0.0,0.0,False,,,False
https://www.lrp.com.tw/,0,www.lrp.com.tw,14,False,1.0,5.0,0.04,0.0,False,0.0,,False
https://www.lulus.tw/v2/official,0,www.lulus.tw,12,False,1.0,9.0,,0.0,False,0.0,,False
https://www.mamypoko.com.tw/,0,www.mamypoko.com.tw,19,False,0.0,0.0,0.0,0.0,True,,,False
https://www.maybelline.com.tw/,0,www.maybelline.com.tw,21,False,0.0,0.0,0.0,0.0,False,0.0,,False
https://www.mayoclinic.org/,0,www.mayoclinic.org,18,False,0.0,0.0,0.0,0.0,False,,,False
https://www.merriam-webster.com/,0,www.merriam-webster.com,23,False,0.0,0.0,0.0,0.0,False,0.0,0.0,False
https://www.missendro.com/,0,www.missendro.com,17,False,1.0,12.0,0.0,0.0,False,0.0,0.0,False
https://www.mobile01.com/,0,www.mobile01.com,16,True,0.0,0.0,0.0,0.0,False,0.0,0.0,False
https://www.mtgshop.tw/,0,www.mtgshop.tw,14,False,1.0,1.0,0.779629629629629,0.0,False,,,False
https://www.myefuhouse.com/,0,www.myefuhouse.com,18,False,0.0,0.0,0.0,0.0,False,0.0,0.0,False
https://www.myladies.com.tw/,0,www.myladies.com.tw,19,False,0.0,0.0,0.0,0.0,False,0.0,,False
https://www.nativeshoes.com/,0,www.nativeshoes.com,19,False,0.0,0.0,0.0,1.0,False,0.0,,False
https://www.naturesgate.com.tw/,0,www.naturesgate.com.tw,22,False,1.0,4.0,0.5645645645645639,0.0,False,,,False
https://www.neogence.com.tw/,0,www.neogence.com.tw,19,False,1.0,3.0,1.0,0.0,False,,,False
https://www.neoshop.com.tw/,0,www.neoshop.com.tw,18,False,1.0,1.0,0.42157894736842105,0.0,False,0.0,,False
https://www.neutrogena.com.tw/,0,www.neutrogena.com.tw,21,False,0.0,0.0,0.0,0.0,False,0.0,,False
https://www.newbalance.com.tw/,0,www.newbalance.com.tw,21,False,0.0,0.0,0.0,0.0,False,0.0,,False
https://www.newstyle.com.tw/,0,www.newstyle.com.tw,19,False,0.0,0.0,0.0,0.0,False,,,False
https://www.nowfoods.com.tw/,0,www.nowfoods.com.tw,19,False,1.0,2.0,0.5,0.0,False,,,False
https://www.obdesign.com.tw/,0,www.obdesign.com.tw,19,False,0.0,0.0,0.0,0.0,False,0.0,,False
https://www.omimibra.com/,0,www.omimibra.com,16,False,0.0,0.0,0.0,0.0,False,,,False
https://www.oneteaspoon.com.au/,0,www.oneteaspoon.com.au,22,False,1.0,14.0,1.0,0.0,False,,,False
https://www.osim.com.tw/,0,www.osim.com.tw,15,False,0.0,0.0,0.0,0.0,False,0.0,,False
https://www.osmar.com.tw/,0,www.osmar.com.tw,16,False,1.0,11.0,0.5012531328320801,1.0,False,,,False
https://www.paidal.com.tw/,0,www.paidal.com.tw,17,False,1.0,24.0,0.26315789473684204,0.0,False,,,False
https://www.panasonic.com/tw/,0,www.panasonic.com,17,False,0.0,0.0,0.0,0.0,False,0.0,0.0,False
https://www.pcone.com.tw/,0,www.pcone.com.tw,16,False,1.0,3.0,0.9597132471728592,0.0,False,0.0,,False
https://www.pgmall.com.tw/,0,www.pgmall.com.tw,17,False,0.0,0.0,0.0,0.0,False,,,False
https://www.philips.com.tw/,0,www.philips.com.tw,18,False,0.0,0.0,0.0,0.0,False,,,False
https://www.pixystyle.com/,0,www.pixystyle.com,17,False,0.0,0.0,0.0,0.0,False,0.0,0.0,False
https://www.playsound.com.tw/,0,www.playsound.com.tw,20,False,0.0,0.0,0.0,0.0,False,,,False
https://www.polylulu.com.tw/,0,www.polylulu.com.tw,19,False,0.0,0.0,0.0,0.0,False,,,False
https://www.ptt.cc/index.html,0,www.ptt.cc,10,False,0.0,0.0,0.0,0.0,False,0.0,0.0,False
https://www.pump306.co/,0,www.pump306.co,14,True,1.0,8.0,0.0,0.0,False,,,False
https://www.punchboardgame.com/,0,www.punchboardgame.com,22,False,1.0,3.0,0.204081632653061,0.0,False,0.0,0.0,False
https://www.qek888.com/,0,www.qek888.com,14,False,1.0,11.0,0.8322147651006709,0.0,False,0.0,0.0,False
https://www.queenshop.com.tw/,0,www.queenshop.com.tw,20,False,0.0,0.0,0.0,0.0,False,,,False
https://www.radiantstar.tw/,0,www.radiantstar.tw,18,False,0.0,0.0,0.0,0.0,False,0.0,,False
https://www.radiantstar.tw/App/Shop/Default.aspx,0,www.radiantstar.tw,18,False,0.0,0.0,0.0,0.0,False,0.0,,False
https://www.ruten.com.tw/,0,www.ruten.com.tw,16,False,1.0,2.0,0.01,0.0,False,0.0,,False
https://www.s3.com.tw/TC/,0,www.s3.com.tw,13,False,1.0,12.0,0.5857142857142851,0.0,False,,,False
https://www.sandisk.com.tw/,0,www.sandisk.com.tw,18,False,0.0,0.0,0.0,0.0,False,0.0,,False
https://www.satana.com.tw/,0,www.satana.com.tw,17,False,0.0,0.0,0.0,0.0,False,,,False
https://www.sharp.com.tw/cms/,0,www.sharp.com.tw,16,False,0.0,0.0,0.0,0.0,False,0.0,,False
https://www.shiseido.com.tw/,0,www.shiseido.com.tw,19,False,1.0,6.0,0.2,0.0,False,0.0,,False
https://www.sk-ii.com.tw/,0,www.sk-ii.com.tw,16,False,0.0,0.0,0.0,0.0,False,,,False
https://www.sky-blue.com.tw/v2/official,0,www.sky-blue.com.tw,19,False,1.0,50.0,,0.0,False,,,False
https://www.spbook.com.tw/,0,www.spbook.com.tw,17,False,0.0,0.0,0.0,0.0,False,,,False
https://www.sunvitamin.com.tw/,0,www.sunvitamin.com.tw,21,False,1.0,3.0,0.34615384615384603,0.0,False,,,False
https://www.sweetwawa.com/,0,www.sweetwawa.com,17,False,1.0,10.0,0.314285714285714,0.0,False,0.0,0.0,False
https://www.taaze.tw/,0,www.taaze.tw,12,False,0.0,0.0,0.0,0.0,False,0.0,,False
https://www.taaze.tw/index.html,0,www.taaze.tw,12,False,0.0,0.0,0.0,0.0,False,0.0,,False
https://www.thenorthface.com.tw/v2/official,0,www.thenorthface.com.tw,23,False,1.0,9.0,0.9375,0.0,False,0.0,,False
https://www.tokichoi.com.tw/,0,www.tokichoi.com.tw,19,False,1.0,32.0,,0.0,False,,,False
https://www.touch-kr.com.tw/,0,www.touch-kr.com.tw,19,False,0.0,0.0,0.0,0.0,False,,,False
https://www.toysrus.com.tw/,0,www.toysrus.com.tw,18,False,0.0,0.0,0.0,0.0,False,0.0,,False
https://www.trplus.com.tw/,0,www.trplus.com.tw,17,False,1.0,4.0,0.0,0.0,False,1.0,,False
https://www.ur8d.com/,0,www.ur8d.com,12,False,1.0,2.0,0.4587500000000001,0.0,False,0.0,0.0,False
https://www.wellbaby888.com/,0,www.wellbaby888.com,19,False,0.0,0.0,0.0,0.0,False,,,False
https://www.wellbaby888.com/welcome.php,0,www.wellbaby888.com,19,False,0.0,0.0,0.0,0.0,False,0.0,0.0,False
https://www.woogii.com.tw/home.php?mod=follow&view=follow,0,www.woogii.com.tw,17,False,0.0,0.0,0.0,0.0,False,,,False
https://www.youbaby.com.tw/,0,www.youbaby.com.tw,18,False,1.0,4.0,0.9009009009009,0.0,False,,,False
https://www.yurubra.com.tw/,0,www.yurubra.com.tw,18,False,0.0,0.0,0.0,0.0,False,0.0,,False
https://ysolife.com/,0,ysolife.com,11,False,0.0,0.0,0.0,0.0,False,0.0,0.0,False
https://zh.wikipedia.org/,0,zh.wikipedia.org,16,False,1.0,9.0,0.0,0.0,False,0.0,0.0,False
