label,url,hostname,length_of_fqdn,replica_in_fqdn,num_of_currencies_seen,num_of_duplicate_prices_seen,percent_savings,contain_emails,large_iframes,under_a_year,china_registered,in_top_one_million
1,http://hhgztx.com/&sa=U&ved=0ahUKEwi3j9rMuevWAhVMGJQKHRG5B3E4RhAWCBMwAA&usg=AOvVaw3L0MOoPT9Gg-nAhU61JP-s,hhgztx.com,10,False,1,1,0.8103260869565211,False,False,1.0,1.0,False
1,http://wuxianheadset.com/&sa=U&ved=0ahUKEwj4or_y3v7WAhXIJJQKHca1CdM4RhAWCBkwAQ&usg=AOvVaw3fW3vh-gCf8FEfUXzvLylI,wuxianheadset.com,17,False,1,1,0.6666666666666661,False,False,1.0,1.0,False
1,http://www.51ruila.com/&sa=U&ved=0ahUKEwi66ty3m_vWAhUMwI8KHdLVAVk4PBAWCBMwAA&usg=AOvVaw0qz-ywDzaTcbjkSGaFJyll,www.51ruila.com,15,True,1,1,0.654913728432108,False,False,1.0,1.0,False
1,http://www.guessshoubiao2014.club/&sa=U&ved=0ahUKEwjju7qFzvrWAhUHW5QKHeLrBjk4RhAWCDgwBg&usg=AOvVaw2fXJI8jLEqdr6wtYFHu7Zv,www.guessshoubiao2014.club,26,True,0,0,0.0,False,False,1.0,0.0,False
1,http://www.caaaoach-renmin.club/&sa=U&ved=0ahUKEwig6aOPzvrWAhUJJJQKHVQkCUM4UBAWCBgwAQ&usg=AOvVaw2I55HwuVvZjy1yMmLuPeJi,www.caaaoach-renmin.club,24,False,0,0,0.0,False,False,1.0,0.0,False
1,http://www.pradabaobao2014.club/&sa=U&ved=0ahUKEwig6aOPzvrWAhUJJJQKHVQkCUM4UBAWCCkwBA&usg=AOvVaw3OX7UzdyQ0jfqyG4jpdK6m,www.pradabaobao2014.club,24,True,0,0,0.0,False,False,1.0,0.0,False
1,http://www.never-full.com/product.asp%3Fid%3D5723&sa=U&ved=0ahUKEwjUg8D3s_7WAhVHk5QKHRPVBnw4RhAWCBowAA&usg=AOvVaw0f9b1V9922QLhCddZ_lXmt,www.never-full.com,18,False,0,0,0.0,False,False,,,False
1,http://www.taipei-lv.com/product.asp%3FID%3D9564&sa=U&ved=0ahUKEwj54KGBtP7WAhVCpJQKHUn1Cts4UBAWCCcwBQ&usg=AOvVaw2cXZy_d2VG8fGQy_ij_6Wo,www.taipei-lv.com,17,False,0,0,0.0,False,False,1.0,,False
1,http://www.chanel-boy.com/product.asp%3Fid%3D11297&sa=U&ved=0ahUKEwj54KGBtP7WAhVCpJQKHUn1Cts4UBAWCDQwCA&usg=AOvVaw3fuy2b6e28bc2FecXYt0MS,www.chanel-boy.com,18,False,0,0,0.0,False,False,,,False
1,http://51headphone.com/&sa=U&ved=0ahUKEwiZgI_uvvvWAhUFjpQKHcDiDuA4MhAWCDMwBg&usg=AOvVaw1McvdgMjwgubvDFyVNYHZn,51headphone.com,15,True,1,1,0.48913043478260804,False,False,1.0,1.0,False
1,http://www.wjfhby.com/thread-24-1-1.html&sa=U&ved=0ahUKEwiboY-VlPzWAhUBLJQKHcZYAm04HhAWCDMwBA&usg=AOvVaw26NkDg8a-Csyccty1GzP0P,www.wjfhby.com,14,False,0,0,0.0,False,False,1.0,0.0,False
1,http://propage.linyn.mobi/SuperCissus,propage.linyn.mobi,18,False,0,0,0.0,False,False,,,False
1,http://propage.linyn.mobi/betheboss,propage.linyn.mobi,18,False,0,0,0.0,False,False,0.0,0.0,False
1,http://propage.linyn.mobi/A-BeeZin,propage.linyn.mobi,18,False,0,0,0.0,False,False,,,False
1,http://propage.linyn.mobi/angelLaLa,propage.linyn.mobi,18,False,0,0,0.0,False,False,0.0,0.0,False
1,http://propage.linyn.mobi/Lacfina,propage.linyn.mobi,18,False,0,0,0.0,False,False,,,False
1,http://propage.linyn.mobi/SnowWhite,propage.linyn.mobi,18,False,0,0,0.0,False,False,0.0,0.0,False
1,http://propage.linyn.mobi/raison-man,propage.linyn.mobi,18,False,0,0,0.0,False,False,,,False
1,http://www.purchase-cycle.com/pc/gray/home/Index/details?id=648511103145,www.purchase-cycle.com,22,False,1,1,0.49056603773584906,False,False,1.0,1.0,False
1,http://www.purchase-cycle.com/pc/gray/home/Index/details?id=380010029585,www.purchase-cycle.com,22,False,1,2,0.5677210056772101,False,False,1.0,,False
1,http://www.purchase-cycle.com/pc/gray/home/Index/details?id=854310781485,www.purchase-cycle.com,22,False,1,1,0.515463917525773,False,False,1.0,1.0,False
1,http://www.purchase-cycle.com/pc/gray/home/Index/details?id=072910528075,www.purchase-cycle.com,22,False,1,1,0.56701030927835,False,False,1.0,,False
1,http://www.purchase-cycle.com/pc/gray/home/Index/details?id=198932513374,www.purchase-cycle.com,22,False,1,1,0.547945205479452,False,False,1.0,1.0,False
1,http://www.purchase-cycle.com/pc/gray/home/Index/details?id=384610095745,www.purchase-cycle.com,22,False,1,1,0.6881720430107521,False,False,1.0,,False
1,http://www.purchase-cycle.com/pc/gray/home/Index/details?id=987729987434,www.purchase-cycle.com,22,False,0,0,0.0,False,False,1.0,1.0,False
1,http://www.purchase-cycle.com/pc/gray/home/Index/details?id=345604911494,www.purchase-cycle.com,22,False,1,1,0.5,False,False,1.0,,False
1,http://palbur.com/,palbur.com,10,False,1,2,0.6220600162206,False,False,1.0,1.0,False
1,http://bcnshoulder.com/,bcnshoulder.com,15,False,1,1,0.7142857142857141,False,False,1.0,1.0,False
1,http://polo.uushoper.com/,polo.uushoper.com,17,False,1,1,0.57471264367816,False,False,1.0,1.0,False
1,http://zuku.uushoper.com/,zuku.uushoper.com,17,False,1,1,0.726495726495726,False,False,1.0,1.0,False
1,http://huangling.uushoper.com/,huangling.uushoper.com,22,False,1,1,0.8320000000000001,False,False,1.0,1.0,False
1,http://dilaini.uushoper.com/,dilaini.uushoper.com,20,False,1,1,0.6799199799949981,False,False,1.0,1.0,False
1,http://xcds.uushoper.com/,xcds.uushoper.com,17,False,1,1,0.65386695511087,False,False,1.0,1.0,False
1,http://shezbig.uushoper.com/,shezbig.uushoper.com,20,False,1,1,0.7238895558223291,False,False,1.0,1.0,False
1,http://skin.uushoper.com/,skin.uushoper.com,17,False,1,1,0.59491617090319,False,False,1.0,1.0,False
1,http://www.51lp99.com/,www.51lp99.com,14,True,1,1,0.8602000000000001,False,False,1.0,1.0,False
1,http://hwxlx.com/,hwxlx.com,9,False,1,1,0.7051282051282051,False,False,1.0,1.0,False
1,http://51handmadeshoes.com/,51handmadeshoes.com,19,True,1,1,0.7499604367779711,False,False,1.0,1.0,False
1,http://51zexin.com/,51zexin.com,11,True,1,1,0.65386695511087,False,False,1.0,1.0,False
1,http://chengxiang.uushoper.com/,chengxiang.uushoper.com,23,False,1,1,0.872,False,False,1.0,1.0,False
1,http://51yufan.com/,51yufan.com,11,True,1,1,0.40040040040040004,False,False,1.0,1.0,False
1,http://51nsfb.com/,51nsfb.com,10,True,1,1,0.675418854713678,False,False,1.0,1.0,False
1,http://51mmkz.com/,51mmkz.com,10,True,1,1,0.65386695511087,False,False,1.0,1.0,False
1,http://5iswsnb.com/,5iswsnb.com,11,False,1,1,0.7237122179650911,False,False,1.0,1.0,False
1,http://www.idea-trend.com/pc/gray/home/Index/details?id=705010707165,www.idea-trend.com,18,False,1,1,0.702277080229836,False,False,,,False
1,http://www.idea-trend.com/pc/gray/home/Index/details?id=509510293125,www.idea-trend.com,18,False,1,1,0.5810961968680091,False,False,1.0,,False
1,http://www.idea-trend.com/pc/gray/home/Index/details?id=540824362704,www.idea-trend.com,18,False,1,1,0.43130280124499704,False,False,,,False
1,http://www.idea-trend.com/pc/gray/home/Index/details?id=266818703684,www.idea-trend.com,18,False,1,1,0.5096499836440951,False,False,1.0,,False
1,http://www.wonder-store.com/pc/gray/home/Index/details?id=679466246444,www.wonder-store.com,20,False,1,1,0.0,False,False,,,False
1,http://www.idea-trend.com/pc/gray/home/Index/details?id=226465439624,www.idea-trend.com,18,False,1,1,0.6999332443257671,False,False,1.0,,False
1,http://www.idea-trend.com/pc/gray/home/Index/details?id=490397947974,www.idea-trend.com,18,False,1,1,0.48120580573129806,False,False,,,False
1,http://www.idea-trend.com/pc/gray/home/Index/details?id=191342846504,www.idea-trend.com,18,False,1,1,0.5244996549344371,False,False,1.0,,False
1,http://www.idea-trend.com/pc/gray/home/Index/details?id=224226642424,www.idea-trend.com,18,False,1,1,0.45349702380952306,False,False,,,False
1,http://www.juicyorangex.com/retailers/boot.k.php,www.juicyorangex.com,20,False,1,2,0.777547853078116,False,False,1.0,,False
1,http://www.juicyorangex.com/retailers/liif.php,www.juicyorangex.com,20,False,1,2,0.5438356164383561,False,False,,,False
1,http://www.juicyorangex.com/retailers/soap.php,www.juicyorangex.com,20,False,1,1,0.722623679822123,False,False,1.0,,False
1,http://www.juicyorangex.com/retailers/foot.php,www.juicyorangex.com,20,False,1,2,0.7224228952486801,False,False,,,False
1,http://www.juicyorangex.com/retailers/heartpendants.php,www.juicyorangex.com,20,False,1,2,0.5,False,False,1.0,,False
1,http://www.juicyorangex.com/retailers/heartnecklaces.php,www.juicyorangex.com,20,False,1,2,0.7333333333333331,False,False,,,False
1,http://www.juicyorangex.com/retailers/m26smartwatch.php,www.juicyorangex.com,20,False,1,2,0.5,False,False,1.0,,False
1,http://www.juicyorangex.com/retailers/fashionbags.php,www.juicyorangex.com,20,False,1,2,0.5,False,False,,,False
1,http://www.juicyorangex.com/retailers/malewatch.php,www.juicyorangex.com,20,False,1,2,0.9,False,False,1.0,,False
1,http://www.juicyorangex.com/retailers/irregularneck.php,www.juicyorangex.com,20,False,1,2,0.4,False,False,,,False
1,http://www.juicyorangex.com/retailers/offshoulderswimsuit.php,www.juicyorangex.com,20,False,1,2,0.412276683463124,False,False,1.0,,False
1,http://www.juicyorangex.com/retailers/vinswimsuit.php,www.juicyorangex.com,20,False,1,2,0.4,False,False,,,False
1,http://www.neysmt.com/ynlsnecklaces,www.neysmt.com,14,False,1,3,0.5,False,False,1.0,,False
1,http://www.neysmt.com/smartwatchs,www.neysmt.com,14,False,1,3,0.5,False,False,,,False
1,http://www.neysmt.com/goldnecklaces,www.neysmt.com,14,False,1,3,0.5,False,False,1.0,,False
1,http://www.neysmt.com/dancerobots,www.neysmt.com,14,False,1,3,0.5,False,False,,,False
1,http://www.neysmt.com/hktgbracelets,www.neysmt.com,14,False,1,3,0.5,False,False,1.0,,False
1,http://www.neysmt.com/chaquetas,www.neysmt.com,14,False,1,3,0.5,False,False,,,False
1,http://www.neysmt.com/xjpjgptis,www.neysmt.com,14,False,1,3,0.5,False,False,1.0,,False
1,http://www.neysmt.com/mlxytwswatchs,www.neysmt.com,14,False,0,0,0.0,False,False,,,False
1,http://www.neysmt.com/trousers,www.neysmt.com,14,False,0,0,0.0,False,False,1.0,,False
1,http://www.neysmt.com/vehicles,www.neysmt.com,14,False,0,0,0.0,False,False,,,False
1,http://www.neysmt.com/skirts,www.neysmt.com,14,False,1,3,0.5,False,False,1.0,,False
1,http://www.neysmt.com/drys,www.neysmt.com,14,False,1,3,0.5,False,False,,,False
1,http://www.neysmt.com/swabs,www.neysmt.com,14,False,1,2,0.37447698744769803,False,False,1.0,,False
1,http://www.neysmt.com/shoes,www.neysmt.com,14,False,1,4,0.5,False,False,,,False
1,http://www.neysmt.com/waterpick,www.neysmt.com,14,False,1,21,0.5,False,False,1.0,,False
1,http://www.neysmt.com/watchs,www.neysmt.com,14,False,1,21,0.5,False,False,,,False
1,http://www.neysmt.com/bracelet,www.neysmt.com,14,False,1,21,0.5,False,False,1.0,,False
1,http://www.neysmt.com/bracelets,www.neysmt.com,14,False,1,21,0.5,False,False,,,False
1,http://xshnq.christina01.com/,xshnq.christina01.com,21,True,1,1,0.8469688051795171,False,False,1.0,,False
1,http://aodle.christina01.com/,aodle.christina01.com,21,True,1,1,0.9275362318840581,False,False,,,False
1,http://cocotwstar.com/431090124/home.html,cocotwstar.com,14,False,0,0,0.0,False,False,1.0,,False
1,http://thermos.kogone.com/,thermos.kogone.com,18,False,1,1,0.0,False,False,1.0,1.0,False
1,http://www.cooperationpro.com/pc/gray/home/Index/track,www.cooperationpro.com,22,False,0,0,0.0,False,False,1.0,,False
1,http://www.vcgpg.com/harmanstudio,www.vcgpg.com,13,False,1,1,0.8388732394366191,False,False,,,False
1,https://www.savemore.com.tw/checkout/,www.savemore.com.tw,19,False,0,0,0.0,False,False,,,False
1,http://www.shopeneed.com/carshopA/,www.shopeneed.com,17,False,1,2,0.0,False,False,,,False
1,http://www.vbtxc.com/luckyly,www.vbtxc.com,13,False,1,3,0.0,False,False,,,False
1,http://5ionelove.com/tw,5ionelove.com,13,False,1,2,0.9,False,False,1.0,1.0,False
1,http://www.zragu.com/,www.zragu.com,13,False,0,0,0.0,False,False,,,False
1,http://5ichampion.com/,5ichampion.com,14,False,0,0,0.0,False,False,1.0,1.0,False
1,http://qzon.jtbsuxdu.com/,qzon.jtbsuxdu.com,17,False,1,1,0.47368421052631504,False,False,,,False
1,http://www.zragu.com/Emphasis,www.zragu.com,13,False,1,3,0.8178506375227681,False,False,1.0,,False
1,http://www.client-supreme.com/bigapo,www.client-supreme.com,22,False,1,18,0.5003571428571421,False,False,,,False
1,http://www.rufflesdress.com/FiEbgZz.html,www.rufflesdress.com,20,False,1,1,0.66711140760507,False,False,1.0,,False
1,http://www.store-pretty.com/product,www.store-pretty.com,20,False,1,1,0.533333333333333,False,False,,,False
1,https://www.prizes-tw.com/cgi-bin/wingame.pl,www.prizes-tw.com,17,False,0,0,0.0,False,False,1.0,0.0,False
1,http://www.cover-newly.com/pc/gray/home/Index/details,www.cover-newly.com,19,False,0,0,0.0,False,False,,,False
1,http://posdf.rekutmall.com/index.html,posdf.rekutmall.com,19,False,0,0,0.0,False,False,1.0,,False
1,http://www.juicyorangex.com/retailers/sdcoat.php#pl,www.juicyorangex.com,20,False,1,1,0.743717948717948,False,False,,,False
1,http://www.kfeuc.com/twfkb,www.kfeuc.com,13,False,1,2,0.0,False,False,1.0,,False
1,http://iopjk.jtbsuxdu.com/index.html,iopjk.jtbsuxdu.com,18,False,1,1,0.7667944657442901,False,False,,,False
1,http://www.uayec.com/kljhy,www.uayec.com,13,False,1,1,0.7000300571085061,False,False,0.0,,False
1,http://www.yjiong.com/beauty,www.yjiong.com,14,False,1,1,1.0,False,False,,,False
1,http://www.papagoking.com/Inflated,www.papagoking.com,18,False,1,2,0.540397350993377,False,False,1.0,,False
1,http://n7.solefa.com/,n7.solefa.com,13,False,1,1,0.69998923921231,False,False,,,False
1,http://www.axiwb.com/hkpdl,www.axiwb.com,13,False,1,7,0.846781789638932,False,False,1.0,,False
1,http://www.super-landing.com/monkeytoy,www.super-landing.com,21,False,0,0,0.0,False,False,,,False
1,http://www.twbuyit.com/,www.twbuyit.com,15,False,0,0,0.0,False,False,0.0,,False
1,http://www.areamy.com/pc/gray/home/Index,www.areamy.com,14,False,1,4,0.641190048730443,False,False,,,False
1,http://lolal.hlqxwrul.com/,lolal.hlqxwrul.com,18,False,1,1,0.8115942028985501,False,False,1.0,,False
1,http://zojirushi2.zaaxm.com/,zojirushi2.zaaxm.com,20,False,1,1,0.6059171597633131,False,False,1.0,1.0,False
1,http://www.fieryshop.com/TNFtaiwan,www.fieryshop.com,17,False,1,1,0.8,False,False,1.0,,False
1,http://lolal.hlqxwrul.com/index.html,lolal.hlqxwrul.com,18,False,1,1,0.8115942028985501,False,False,,,False
1,http://s.nsscarf.com/index/index/details/goods_id/1061,s.nsscarf.com,13,False,1,1,0.0,False,False,0.0,,False
1,http://www.charm-smooth.com/bsrQu5,www.charm-smooth.com,20,False,1,2,0.5,False,False,,,False
1,http://www.juicyorangex.com/retailers/sdcoat.php,www.juicyorangex.com,20,False,1,1,0.743717948717948,False,False,1.0,,False
1,http://www.hshuan.com/fssm,www.hshuan.com,14,False,1,2,0.333778371161548,False,False,,,False
1,http://djb.daigoull.com/,djb.daigoull.com,16,False,1,2,0.78187650360866,False,False,1.0,,False
1,http://www.rvnhy.com/tw,www.rvnhy.com,13,False,1,3,0.8559077809798271,False,False,,,False
1,http://www.toryburchoutletclearance.us.com/,www.toryburchoutletclearance.us.com,35,False,1,10,0.55813953488372,False,False,1.0,0.0,False
1,http://51volont.com/,51volont.com,12,True,1,1,0.5988745980707391,False,False,,,False
1,http://newhaoxie.com/,newhaoxie.com,13,False,1,3,0.628720238095238,False,False,1.0,1.0,False
1,http://koiyue.com/,koiyue.com,10,False,1,2,0.0,False,False,,,False
1,http://51oneban.com/wba,51oneban.com,12,True,1,1,0.675155784340287,False,False,1.0,1.0,False
1,http://liposome.ewnam.com/,liposome.ewnam.com,18,False,1,2,0.5764006791171471,False,False,,,False
1,http://headphones.yknbuy.com/,headphones.yknbuy.com,21,False,1,1,0.7203698514990191,False,False,1.0,1.0,False
1,http://www.ojepjr.com/,www.ojepjr.com,14,False,1,1,0.0,False,False,,,False
1,https://youtu.be/FNL6TKRBYGY,youtu.be,8,False,0,0,0.0,False,False,,,True
1,http://tackle.uiyeshop.com/,tackle.uiyeshop.com,19,False,0,0,0.0,False,False,,,False
1,http://www.cucvlt.com/,www.cucvlt.com,14,False,1,2,0.0,False,False,1.0,,False
1,http://www.erngr.com/tiantian,www.erngr.com,13,False,1,2,0.0,False,False,,,False
1,http://chbdxr.com/,chbdxr.com,10,False,1,2,0.628720238095238,False,False,1.0,1.0,False
1,http://www.eaczk.com/bobotw,www.eaczk.com,13,False,0,0,0.0,False,False,,,False
1,http://white.ec168.tw/,white.ec168.tw,14,True,1,1,0.037091988130563004,False,False,1.0,,False
1,http://www.esoav.com/suprdry,www.esoav.com,13,False,1,1,0.0,False,False,,,False
1,https://www.uubuy.tw/,www.uubuy.tw,12,False,1,7,0.6483333333333331,False,False,1.0,,False
1,http://stayreall.uugostore.com/,stayreall.uugostore.com,23,False,1,1,0.814152966404574,False,False,,,False
1,http://stayrealyx.uugostore.com/,stayrealyx.uugostore.com,24,False,1,1,0.742574257425742,False,False,1.0,,False
1,http://abt-tw.com/,abt-tw.com,10,False,1,1,0.5,False,False,,,False
1,http://www.juicyorangex.com/retailers/hood.php,www.juicyorangex.com,20,False,1,1,0.785,False,False,1.0,,False
1,http://www.assonqiqi.com/BXKDJT,www.assonqiqi.com,17,False,1,4,0.6182380216383301,False,False,,,False
1,http://www.uerri.com/ufoa,www.uerri.com,13,False,1,1,0.582850521436848,False,False,1.0,,False
1,http://www.seaamoyphp.com/TheNorFace#page-order,www.seaamoyphp.com,18,False,1,1,0.0,False,False,,,False
1,http://www.zknut.com/txgzi,www.zknut.com,13,False,1,2,0.0,False,False,1.0,,False
1,http://www.papagoking.com/Golchi,www.papagoking.com,18,False,1,2,0.6004,False,False,,,False
1,http://www.pmmjd.com/watch2,www.pmmjd.com,13,False,1,1,0.0,False,False,1.0,,False
1,https://twnmall.com/products/invisible-condom,twnmall.com,11,False,1,2,1.0,False,False,1.0,0.0,False
1,http://www.sxkgv.com/Acne,www.sxkgv.com,13,False,1,2,0.78152610441767,False,False,1.0,,False
1,http://51mklub.com/,51mklub.com,11,True,1,1,0.6666666666666661,False,False,,,False
1,http://jointly.uugostore.com/,jointly.uugostore.com,21,False,1,1,0.8373983739837391,False,False,1.0,,False
1,http://www.shop-privacy.com/pc/gray/home/Index/cate,www.shop-privacy.com,20,False,0,0,0.0,False,False,,,False
1,http://rays.hotbaseshop.com/index.php,rays.hotbaseshop.com,20,False,1,2,0.52,False,False,1.0,1.0,False
1,http://colum.zfthcrre.com/index.html,colum.zfthcrre.com,18,False,1,1,0.8469688051795171,False,False,1.0,,False
1,http://www.frierecnd.com/,www.frierecnd.com,17,False,0,0,0.0,False,False,,,False
1,http://babdf.rekutmall.com/,babdf.rekutmall.com,19,False,0,0,0.0,False,False,1.0,,False
1,http://www.eoykb.com/sportwatch,www.eoykb.com,13,False,1,1,0.6998998998998991,False,False,,,False
1,http://www.shop-privacy.com/pc/gray/home,www.shop-privacy.com,20,False,1,13,0.7898894154818321,False,False,1.0,,False
1,http://www.muwhk.com/ttjmg,www.muwhk.com,13,False,1,3,0.66711140760507,False,False,,,False
1,http://twgg.zfthcrre.com/index.html,twgg.zfthcrre.com,17,False,1,1,0.739739739739739,False,False,1.0,,False
1,http://seikow.uukep.com/,seikow.uukep.com,16,False,1,1,0.649701649701649,False,False,1.0,1.0,False
1,http://bcpants.boccw.com/product/90cf6119-2be3-42e1-8468-f7afaa562f06/,bcpants.boccw.com,17,False,1,1,0.0,False,False,1.0,1.0,False
1,http://www.mmmvips.com/jap,www.mmmvips.com,15,False,0,0,0.0,False,False,,,False
1,http://www.idea-trend.com/pc/gray/home,www.idea-trend.com,18,False,1,1,0.46207162110127004,False,False,1.0,,False
1,http://www.ecslz.com/domin20,www.ecslz.com,13,False,1,1,0.846896551724137,False,False,,,False
1,http://shaokalz.kiwbhqgg.com/index.html#ding,shaokalz.kiwbhqgg.com,21,False,1,1,0.8959583833533411,False,False,,,False
1,http://mop.washfreemask.com/,mop.washfreemask.com,20,False,1,1,0.5,False,False,1.0,1.0,False
1,http://icat.uugostore.com/index.html,icat.uugostore.com,18,False,0,0,0.0,False,False,,,False
1,http://cottoncs.com/,cottoncs.com,12,False,1,1,0.662393162393162,False,False,1.0,1.0,False
1,http://www.justwantshopping.com/BX,www.justwantshopping.com,24,False,1,3,0.0,False,False,1.0,,False
1,http://nox.kiwbhqgg.com/index.html,nox.kiwbhqgg.com,16,False,1,1,0.7998460354118551,False,False,,,False
1,http://17.media/share/post/3c10637b-62b2-4e8d-a714-d2163eeb2d88,17.media,8,True,0,0,0.0,False,False,0.0,0.0,False
1,http://www.species-online.com/pc/gray/home/Index/details,www.species-online.com,22,False,0,0,0.0,False,False,,,False
1,http://maca3.emnxa.com/,maca3.emnxa.com,15,False,1,1,0.56589821661592,False,False,1.0,1.0,False
1,http://www.rfbiw.com/trust,www.rfbiw.com,13,False,0,0,0.0,False,False,,,False
1,http://color.sunnygood.tw/,color.sunnygood.tw,18,False,0,0,0.0,False,False,1.0,,False
1,http://gpqua.yomlocwt.com/,gpqua.yomlocwt.com,18,False,1,1,0.826551034022681,False,False,,,False
1,http://www.nylsu.com/.tw,www.nylsu.com,13,False,0,0,0.0,False,False,1.0,,False
1,http://xlqjzg.com/,xlqjzg.com,10,False,1,1,0.5,False,False,,,False
1,http://51wristband.com/,51wristband.com,15,True,1,1,0.7485029940119761,False,False,1.0,1.0,False
1,http://puma.abmores.com/,puma.abmores.com,16,False,1,1,0.588113908378043,False,False,1.0,1.0,False
1,http://makita.mcfftjco.com/index.php,makita.mcfftjco.com,19,False,0,0,0.0,False,False,,,False
1,http://shaokalz.kiwbhqgg.com/,shaokalz.kiwbhqgg.com,21,False,1,1,0.8959583833533411,False,False,1.0,,False
1,http://twgg.zfthcrre.com/,twgg.zfthcrre.com,17,False,1,1,0.739739739739739,False,False,,,False
1,https://twnmall.com/account/login,twnmall.com,11,False,0,0,0.0,False,False,1.0,0.0,False
1,http://jjcooking.yookss.com/,jjcooking.yookss.com,20,False,1,1,0.612976113621691,False,False,,,False
1,http://www.rice-power.com/product/Foldable-Bluetooth-Wireless-Keyboard-Gold&site=tw&lang=cht,www.rice-power.com,18,False,1,1,0.418488684311469,False,False,0.0,0.0,False
1,http://s.tableclothxm-tw.com/shop/,s.tableclothxm-tw.com,21,False,1,1,0.23946360153256702,False,False,,,False
1,http://www.hshuan.com/mzby,www.hshuan.com,14,False,0,0,0.0,False,False,1.0,,False
1,http://www.oeoox.com/ccsjb,www.oeoox.com,13,False,1,1,0.746095238095238,False,False,,,False
1,http://5ihuifutang.com/,5ihuifutang.com,15,False,1,2,0.7040905134899911,False,False,1.0,1.0,False
1,http://51t-shirt.com/,51t-shirt.com,13,True,1,1,0.62466197944835,False,False,,,False
1,http://www.xescz.com/zfstw,www.xescz.com,13,False,0,0,0.0,False,False,1.0,,False
1,http://51nepolo.com/,51nepolo.com,12,True,1,1,0.6775956284153001,False,False,,,False
1,http://www.juicyorangex.com/retailers/Nglasses.php,www.juicyorangex.com,20,False,1,1,0.6938718662952641,False,False,1.0,,False
1,http://www.dataestablished.com/pc/gray/home/Index/details,www.dataestablished.com,23,False,0,0,0.0,False,False,0.0,,False
1,http://makita.mcfftjco.com/,makita.mcfftjco.com,19,False,0,0,0.0,False,False,,,False
1,http://www.offer-super.com/pc/gray/home/Index/details,www.offer-super.com,19,False,0,0,0.0,False,False,1.0,,False
1,http://www.juicyorangex.com/retailers/snow_pro.php,www.juicyorangex.com,20,False,1,1,0.0,False,False,,,False
1,http://www.izqbs.com/datw,www.izqbs.com,13,False,0,0,0.0,False,False,,,False
1,http://www.twnewshop.com/,www.twnewshop.com,17,False,1,1,0.9,False,False,1.0,,False
1,http://www.toyyr.com/PAD,www.toyyr.com,13,False,0,0,0.0,False,False,,,False
1,http://www.encrypt-sales.com/pc/gray/home/Index/details,www.encrypt-sales.com,21,False,0,0,0.0,False,False,1.0,,False
1,http://www.toptwshop.com/,www.toptwshop.com,17,False,1,1,0.7870635374928441,False,False,,,False
1,http://te.vaolem.com/,te.vaolem.com,13,False,1,5,0.0,False,False,1.0,,False
1,http://beauty.linrode.com/index.html,beauty.linrode.com,18,False,0,0,0.0,False,False,,,False
1,http://www.fxckfashion.com/baby,www.fxckfashion.com,19,False,1,1,0.0,False,False,1.0,,False
1,http://www.tybve.com/index6612,www.tybve.com,13,False,1,2,0.0,False,False,,,False
1,http://www.turhj.com/Bracelet,www.turhj.com,13,False,1,4,1.0,False,False,1.0,,False
1,http://www.vvrod.com/retrpa/,www.vvrod.com,13,False,1,1,0.5,False,False,0.0,0.0,False
1,http://a.coccf.com/jhtd/,a.coccf.com,11,False,0,0,0.0,False,False,1.0,0.0,False
1,http://www.sigepye.com/,www.sigepye.com,15,False,1,1,0.29898989898989903,False,False,,,False
1,http://dress.danfeisi.com/,dress.danfeisi.com,18,False,0,0,0.0,False,False,1.0,,False
1,http://www.couqrt.com/,www.couqrt.com,14,False,0,0,0.0,False,False,,,False
1,http://roonl.com/sycdb/,roonl.com,9,False,0,0,0.0,False,False,1.0,0.0,False
1,http://www.super-landing.com/royallatexline,www.super-landing.com,21,False,0,0,0.0,False,False,,,False
1,http://51audala.com/xynlyw,51audala.com,12,True,1,1,0.6672224074691561,False,False,1.0,1.0,False
1,http://www.tiorian.com/,www.tiorian.com,15,False,1,2,0.0,False,False,,,False
1,http://www.wittysafe.com/tw//p/3q26Zb,www.wittysafe.com,17,False,1,2,0.750208507089241,False,False,1.0,0.0,False
1,http://www.portlong.com/s/index.php/product/detail,www.portlong.com,16,False,1,2,,False,False,1.0,0.0,False
1,http://a.coccf.com/ycs/,a.coccf.com,11,False,0,0,0.0,False,False,1.0,0.0,False
1,http://51dldsy.com/,51dldsy.com,11,True,1,1,0.707762557077625,False,False,,,False
1,http://ddkqw.yomlocwt.com/,ddkqw.yomlocwt.com,18,False,1,1,0.7831526271893241,False,False,1.0,,False
1,http://www.vvrod.com/embhb/,www.vvrod.com,13,False,1,1,0.5,False,False,0.0,0.0,False
1,http://cs.amnlhk.com/shop/,cs.amnlhk.com,13,False,1,2,0.42420749279538905,False,False,1.0,,False
1,https://xxpowerinc.waca.ec/product/detail/49199,xxpowerinc.waca.ec,18,False,1,3,0.071942446043165,False,False,,,False
1,http://www.lvv.tw/syxglssy/,www.lvv.tw,10,False,1,2,0.645714285714285,False,False,1.0,,False
1,http://a1.666trade.com/,a1.666trade.com,15,True,1,1,0.6999567661046261,False,False,,,False
1,http://www.aupkh.com/cjs213,www.aupkh.com,13,False,1,2,0.0,False,False,1.0,,False
1,http://icat.uugostore.com/,icat.uugostore.com,18,False,0,0,0.0,False,False,,,False
1,http://www.72nmile.com/briefs-1128/,www.72nmile.com,15,False,0,0,0.0,False,False,1.0,,False
1,http://ie.twuse.com/,ie.twuse.com,12,False,1,4,0.0,False,False,,,False
1,http://www.kneoe.com/,www.kneoe.com,13,False,1,2,0.0,False,False,1.0,,False
1,http://www.nhzte.com/redline-boutique#,www.nhzte.com,13,False,0,0,0.0,False,False,,,False
1,http://xloong.uugostore.com/,xloong.uugostore.com,20,False,0,0,0.0,False,False,1.0,,False
1,http://www.discouo.com/dlrave/,www.discouo.com,15,False,1,1,0.5,False,False,,,False
1,http://dayurt.com/,dayurt.com,10,False,1,2,0.0,False,False,1.0,,False
1,http://www.ffshlzc.com/,www.ffshlzc.com,15,False,0,0,0.0,False,False,,,False
1,http://www.aerment.com/,www.aerment.com,15,False,0,0,0.0,False,False,1.0,,False
1,http://nvjshow.com/,nvjshow.com,11,False,1,1,0.7271733187534171,False,False,,,False
1,http://www.lxmvn.com/twwhtz,www.lxmvn.com,13,False,1,3,0.500750375187593,False,False,1.0,,False
1,http://www.tshqa.com/dbjwt,www.tshqa.com,13,False,1,1,0.5,False,False,,,False
1,http://www.seagull-store.com/tw/p/aMV7nu,www.seagull-store.com,21,False,1,2,0.6722027972027971,False,False,1.0,0.0,False
1,http://vgkxs.twcloth.com/index.html,vgkxs.twcloth.com,17,False,1,1,0.752380952380952,False,False,,,False
1,http://www.huiote.com/1,www.huiote.com,14,False,1,17,0.6993987975951901,False,False,1.0,,False
1,http://www.dombigom.com/,www.dombigom.com,16,False,1,2,0.399828399828399,False,False,,,False
1,http://cii.jpftyyjl.com/,cii.jpftyyjl.com,16,False,0,0,0.0,False,False,1.0,,False
1,http://www.jvbke.com/lqbra,www.jvbke.com,13,False,1,2,1.0,False,False,,,False
1,http://www.51mmjkx.com/,www.51mmjkx.com,15,True,1,1,0.6347560975609751,False,False,1.0,1.0,False
1,http://www.cahyte.com/,www.cahyte.com,14,False,1,2,0.0,False,False,,,False
1,http://www.lvv.tw/syfzdjb/,www.lvv.tw,10,False,1,2,0.645714285714285,False,False,1.0,,False
1,http://51yflow.com/yhlyw,51yflow.com,11,True,1,1,0.533844614871623,False,False,,,False
1,http://rutenlebuy.tw/sdt/,rutenlebuy.tw,13,False,1,2,0.511470477623166,False,False,1.0,,False
1,http://www.bwuvp.com/kx12,www.bwuvp.com,13,False,1,3,0.204081632653061,False,False,,,False
1,http://www.juicyorangex.com/retailers/baseballbar.php,www.juicyorangex.com,20,False,1,2,0.5773076923076921,False,False,1.0,,False
1,http://www.loirce.com/,www.loirce.com,14,False,0,0,0.0,False,False,,,False
1,http://www.buy-sale.com.tw/H5/3pvytl.htm,www.buy-sale.com.tw,19,False,1,1,0.0,False,False,,,False
1,http://carshop.yomlocwt.com/index.html,carshop.yomlocwt.com,20,False,1,1,0.8129496402877691,False,False,,,False
1,http://www.hyipu.com/vetes,www.hyipu.com,13,False,1,16,0.2265625,False,False,1.0,,False
1,http://twgbq.zfthcrre.com/index.html,twgbq.zfthcrre.com,18,False,1,1,0.7142857142857141,False,False,,,False
1,https://www.lzs15.com/products/millet-power-supply,www.lzs15.com,13,True,1,2,0.6006006006006,False,False,0.0,0.0,False
1,http://www.encrypt-sales.com/pc/gray/home,www.encrypt-sales.com,21,False,1,2,0.576829268292682,False,False,1.0,,False
1,http://5ialfreda.com/,5ialfreda.com,13,False,1,1,0.6532663316582911,False,False,,,False
1,http://tyy.zoshic.com/,tyy.zoshic.com,14,False,1,1,0.69996808171082,False,False,1.0,,False
1,http://smile.hlqxwrul.com/,smile.hlqxwrul.com,18,False,1,1,0.826551034022681,False,False,1.0,,False
1,http://yj.vaolem.com/,yj.vaolem.com,13,False,1,2,0.0,False,False,,,False
1,http://cash.revealeshop.com/index.php,cash.revealeshop.com,20,False,0,0,0.0,False,False,1.0,1.0,False
1,http://dik.sssabc.com/,dik.sssabc.com,14,False,1,1,0.502152080344332,False,False,,,False
1,https://twnmall.com/,twnmall.com,11,False,1,5,1.0,False,False,1.0,0.0,False
1,http://www.intentions-shop.com/pc/gray/home/Index/details,www.intentions-shop.com,23,False,0,0,0.0,False,False,,,False
1,http://www.share-purchase.com/pc/gray/home/Index/details,www.share-purchase.com,22,False,0,0,0.0,False,False,1.0,,False
1,http://www.51flatpc.com/,www.51flatpc.com,16,True,1,2,0.562587249883666,False,False,,,False
1,http://www.simple-vip.com/pc/gray/home/Index/details,www.simple-vip.com,18,False,0,0,0.0,False,False,1.0,,False
1,http://www.oaopj.com/hklrsf,www.oaopj.com,13,False,0,0,0.0,False,False,,,False
1,http://www.constant-shop.com/pc/gray/home/Index/details,www.constant-shop.com,21,False,0,0,0.0,False,False,1.0,,False
1,http://mbxpy.yomlocwt.com/index.html,mbxpy.yomlocwt.com,18,False,1,1,0.87,False,False,,,False
1,http://51dessa.com/,51dessa.com,11,True,1,1,0.6780645161290321,False,False,1.0,1.0,False
1,http://thermhox-tw.com/shop/,thermhox-tw.com,15,False,1,1,0.566042047531992,False,False,,,False
1,http://www.bright-cooperation.com/pc/gray/home/Index/details,www.bright-cooperation.com,26,False,0,0,0.0,False,False,0.0,,False
1,http://adidasshop.com.tw/,adidasshop.com.tw,17,False,0,0,0.0,False,False,,,False
1,http://www.exclusive-trend.com/pc/gray/home/Index/details,www.exclusive-trend.com,23,False,0,0,0.0,False,False,,,False
1,http://www.miadial.com/,www.miadial.com,15,False,1,1,0.0,False,False,1.0,,False
1,http://camera.kiwbhqgg.com/,camera.kiwbhqgg.com,19,False,1,1,0.8699349674837411,False,False,,,False
1,http://www.nhzte.com/TWN.RL,www.nhzte.com,13,False,0,0,0.0,False,False,1.0,,False
1,http://wtr-tw.com/index.php,wtr-tw.com,10,False,0,0,0.0,False,False,,,False
1,http://species-online.com/pc/gray/home,species-online.com,18,False,1,3,0.6350364963503651,False,False,1.0,,False
1,http://www.pexwq.com/twlnkt,www.pexwq.com,13,False,1,2,0.0,False,False,,,False
1,http://www.ahvnk.com/JN/,www.ahvnk.com,13,False,0,0,0.0,False,False,1.0,,False
1,http://tiger.ewoxn.com/,tiger.ewoxn.com,15,False,1,1,0.628235294117647,False,False,,,False
1,http://www.open-fashion.com/pc/gray/home/Index/details,www.open-fashion.com,20,False,0,0,0.0,False,False,1.0,,False
1,http://www.mmnwy.com/djjlwrj,www.mmnwy.com,13,False,1,1,0.8929889298892981,False,False,1.0,,False
1,http://fisler.hlqxwrul.com/index.html,fisler.hlqxwrul.com,19,False,0,0,0.0,False,False,,,False
1,http://www.toyyr.com/pad#comment_index,www.toyyr.com,13,False,0,0,0.0,False,False,1.0,,False
1,http://www.gaqgu.com/Girasale,www.gaqgu.com,13,False,1,16,0.72939262472885,False,False,,,False
1,http://www.estinatin.com/index.php,www.estinatin.com,17,False,0,0,0.0,False,False,1.0,,False
1,http://cash.revealeshop.com/,cash.revealeshop.com,20,False,0,0,0.0,False,False,,,False
1,http://51yimer.com/,51yimer.com,11,True,1,1,0.7051282051282051,False,False,1.0,1.0,False
1,http://ad.meg-tw.com/shop/index.php,ad.meg-tw.com,13,False,1,1,0.20938023450586202,False,False,,,False
1,http://www.pop-tw.com/,www.pop-tw.com,14,False,1,1,0.7000000000000001,False,False,1.0,,False
1,http://skip.gemestore.com/,skip.gemestore.com,18,False,1,1,0.6666666666666661,False,False,,,False
1,http://www.adidasoriginals.com.tw/product-5213.html,www.adidasoriginals.com.tw,26,False,0,0,0.0,False,False,,,False
1,http://pswyr.minchangz.com/index.html,pswyr.minchangz.com,19,False,0,0,0.0,False,False,,,False
1,http://www.mdeea.com/83214,www.mdeea.com,13,False,1,4,1.0,False,False,1.0,,False
1,http://www.easement-shop.com/pc/gray/home/Index/details,www.easement-shop.com,21,False,0,0,0.0,False,False,,,False
1,http://www.lshuan.com/Gameboy,www.lshuan.com,14,False,0,0,0.0,False,False,1.0,,False
1,http://www.toyyr.com/,www.toyyr.com,13,False,0,0,0.0,False,False,,,False
1,http://saints.7upro.com/,saints.7upro.com,16,False,1,1,0.728804347826086,False,False,1.0,1.0,False
1,http://ontheedgetw.com/,ontheedgetw.com,15,False,1,2,0.9,False,False,,,False
1,http://www.zhihistory.com/,www.zhihistory.com,18,False,0,0,0.0,False,False,1.0,,False
1,http://www.pexwq.com/twkt2,www.pexwq.com,13,False,1,1,0.772477064220183,False,False,,,False
1,http://xpzzz.makrb.com/,xpzzz.makrb.com,15,False,0,0,0.0,False,False,1.0,,False
1,http://www.oeoox.com/yddy,www.oeoox.com,13,False,1,2,0.746587030716723,False,False,,,False
1,http://pswyr.minchangz.com/,pswyr.minchangz.com,19,False,0,0,0.0,False,False,1.0,,False
1,http://duanxiudmb.com/,duanxiudmb.com,14,False,1,1,0.6793478260869561,False,False,,,False
1,http://51ochiely.com/,51ochiely.com,13,True,1,1,0.5988745980707391,False,False,1.0,1.0,False
1,http://nem-tw.com/,nem-tw.com,10,False,1,1,0.0,False,False,1.0,1.0,False
1,http://awew.photos711.com/,awew.photos711.com,18,True,0,0,0.0,False,False,,,False
1,http://www.intentions-shop.com/pc/gray/home,www.intentions-shop.com,23,False,1,1,0.452830188679245,False,False,1.0,,False
1,http://www.species-online.com/pc/gray/home,www.species-online.com,22,False,1,3,0.6350364963503651,False,False,,,False
1,http://vitality-cheap.com/products_ttc2.php,vitality-cheap.com,18,False,1,3,0.6350364963503651,False,False,1.0,,False
1,http://www.shopproves.com/pc/gray/home/Index,www.shopproves.com,18,False,1,1,0.5317286652078771,False,False,,,False
1,http://www.smakdak.com/,www.smakdak.com,15,False,1,3,0.404635761589403,False,False,1.0,,False
1,http://hcc.wwwqing.com/,hcc.wwwqing.com,15,False,1,1,0.7870635374928441,False,False,,,False
1,http://www.bukaig.com/,www.bukaig.com,14,False,1,1,0.8242957746478871,False,False,1.0,1.0,False
1,http://www.pifak.cc/,www.pifak.cc,12,False,0,0,0.0,False,False,,,False
1,http://51flatpc.com/,51flatpc.com,12,True,1,2,0.562587249883666,False,False,,,False
1,http://www.feifeigl.com/mall/tuoba.htm,www.feifeigl.com,16,False,1,2,0.0,False,False,,,False
1,http://s.hansoap-tw.com/shop/,s.hansoap-tw.com,16,False,1,1,0.400093153237075,False,False,1.0,,False
1,http://yilke.yomlocwt.com/,yilke.yomlocwt.com,18,False,1,2,0.6919075144508671,False,False,,,False
1,http://www.sfshunfeng.com/products/,www.sfshunfeng.com,18,False,0,0,0.0,False,False,1.0,1.0,False
1,http://lweom.fantastictw.com/index.html,lweom.fantastictw.com,21,False,1,1,0.739739739739739,False,False,,,False
1,http://www.toprateshop.com/trunk,www.toprateshop.com,19,False,1,1,0.8751,False,False,1.0,,False
1,http://5idessa.com/,5idessa.com,11,False,1,1,0.667333333333333,False,False,,,False
1,http://www.stimeta.com/,www.stimeta.com,15,False,0,0,0.0,False,False,1.0,,False
1,http://hangliyq.com/,hangliyq.com,12,False,1,1,0.6666666666666661,False,False,,,False
1,http://lp.martdealer.com/YH53891/170922130358/index.html,lp.martdealer.com,17,False,1,1,0.6307608399236431,False,False,1.0,,False
1,http://www.twvtw.com/nanshiyamashan002.html,www.twvtw.com,13,False,1,1,0.599221789883268,False,False,,,False
1,http://hotus.pookaka.com/#ding,hotus.pookaka.com,17,False,0,0,0.0,False,False,1.0,,False
1,http://www.lvqep.com/Mobilepower,www.lvqep.com,13,False,1,2,0.17857142857142802,False,False,,,False
1,http://www.store-grasp.com/pc/gray/home/Index/details,www.store-grasp.com,19,False,0,0,0.0,False,False,1.0,,False
1,http://www.cooperationpro.com/pc/gray/home/Index,www.cooperationpro.com,22,False,1,1,0.31,False,False,,,False
1,http://epnam.iqsunday.com/,epnam.iqsunday.com,18,False,1,1,0.97659976599766,False,False,1.0,,False
1,http://mzyxzm.com/,mzyxzm.com,10,False,1,1,0.9502,False,False,,,False
1,http://www.ptnom.com/banana.php,www.ptnom.com,13,False,1,5,1.0,False,False,1.0,,False
1,http://blender.easylifespace.com/,blender.easylifespace.com,25,False,1,1,0.48661800486618007,False,False,,,False
1,http://adjust-pure.com/pc/gray/home,adjust-pure.com,15,False,0,0,0.0,False,False,1.0,,False
1,http://www.ynpto.com/MIRACL,www.ynpto.com,13,False,1,3,0.6275862068965511,False,False,,,False
1,http://www.amongstore.com/pc/gray/home,www.amongstore.com,18,False,1,1,0.48382298252138306,False,False,1.0,,False
1,http://www.urvoq.com/trunk,www.urvoq.com,13,False,1,1,0.554016620498615,False,False,,,False
1,http://51ygxcl.com/ls,51ygxcl.com,11,True,1,1,0.730124391563007,False,False,1.0,1.0,False
1,http://51eaeyrsise.com/,51eaeyrsise.com,15,True,1,1,0.5580357142857141,False,False,,,False
1,http://dwq.twshoppingmall.com/,dwq.twshoppingmall.com,22,False,1,2,1.0,False,False,1.0,0.0,False
1,http://51solstick.com/mao,51solstick.com,14,True,1,1,0.6677852348993281,False,False,,,False
1,http://51lscyp.com/,51lscyp.com,11,True,1,1,0.780994803266518,False,False,,,False
1,http://www.caqpm.com/bobotw,www.caqpm.com,13,False,1,1,0.8049257232212661,False,False,,,False
1,http://www.intentions-shop.com/pc/gray/home/Index,www.intentions-shop.com,23,False,1,1,0.452830188679245,False,False,1.0,,False
1,http://white.1der.tw/,white.1der.tw,13,True,0,0,0.0,False,False,,,False
1,http://hotus.pookaka.com/index.html,hotus.pookaka.com,17,False,0,0,0.0,False,False,1.0,,False
1,http://51celln.com/tw,51celln.com,11,True,1,1,0.5,False,False,,,False
1,http://www.5ishouhuan.com/,www.5ishouhuan.com,18,False,1,1,0.7032348804500701,False,False,1.0,1.0,False
1,http://f.wan-tw.com/,f.wan-tw.com,12,False,1,1,0.501073729420186,False,False,1.0,,False
1,http://51telece.com/,51telece.com,12,True,1,1,0.5,False,False,1.0,1.0,False
1,http://469d.com/1475260/,469d.com,8,False,0,0,0.0,False,False,,,False
1,http://www.chepone.com/itcars/,www.chepone.com,15,False,1,1,0.5,False,False,1.0,,False
1,http://mopp-xm.com/shop/index.php,mopp-xm.com,11,False,1,1,0.5152173913043471,False,False,,,False
1,http://www.toprateshop.com/bb,www.toprateshop.com,19,False,1,1,0.370762711864406,False,False,,,False
1,http://www.online-self.com/pc/gray/home/Index,www.online-self.com,19,False,1,7,0.6247634495809671,False,False,1.0,,False
1,http://ghd.gahhag.com/,ghd.gahhag.com,14,False,1,1,0.568942436412315,False,False,1.0,1.0,False
1,http://www.5iqfr.com/,www.5iqfr.com,13,False,1,1,0.7051282051282051,False,False,1.0,1.0,False
1,http://www.tzqwc.com/freestyle,www.tzqwc.com,13,False,1,1,0.5,False,False,,,False
1,http://51fomous.com/,51fomous.com,12,True,1,1,0.5988745980707391,False,False,1.0,1.0,False
1,http://51massagebra.com/,51massagebra.com,16,True,1,1,0.719174871073605,False,False,1.0,1.0,False
1,http://www.enjoy-buy.com/aiprods,www.enjoy-buy.com,17,False,0,0,0.0,False,False,1.0,1.0,False
1,http://www.zknut.com/txgzi#page-order,www.zknut.com,13,False,1,2,0.0,False,False,,,False
1,http://dlum.jewellay.com/,dlum.jewellay.com,17,False,1,3,0.1675,False,False,1.0,,False
1,http://lxgsearrings.com/,lxgsearrings.com,16,False,1,1,0.7049891540130151,False,False,,,False
1,http://www.nw1w.top/tw/hsin_stream_tea,www.nw1w.top,12,True,1,2,0.0,False,False,1.0,1.0,False
1,http://www.ovrmi.com/,www.ovrmi.com,13,False,0,0,0.0,False,False,,,False
1,http://nrvyn.com/nkydx/,nrvyn.com,9,False,1,1,0.5,False,False,1.0,,False
1,http://www.shop-pursue.com/bracelet,www.shop-pursue.com,19,False,1,20,0.5,False,False,,,False
1,http://www.phantasmbuy.com/LV,www.phantasmbuy.com,19,False,0,0,0.0,False,False,1.0,,False
1,http://beauty.linrode.com/index.php,beauty.linrode.com,18,False,0,0,0.0,False,False,,,False
1,http://hotus.pookaka.com/#,hotus.pookaka.com,17,False,0,0,0.0,False,False,1.0,,False
1,http://lacostetx.com/tw,lacostetx.com,13,False,0,0,0.0,False,False,,,False
1,http://jeepqb.com/,jeepqb.com,10,False,1,1,0.6610054347826081,False,False,1.0,1.0,False
1,http://www.vmnim.com/sky,www.vmnim.com,13,False,1,1,1.0,False,False,,,False
1,http://waldens.linrode.com/,waldens.linrode.com,19,False,1,1,0.9029850746268651,False,False,1.0,,False
1,http://s.pajamasxm-tw.com/index.php,s.pajamasxm-tw.com,18,False,1,1,0.0,False,False,,,False
1,http://www.bathmate.com.tw/,www.bathmate.com.tw,19,False,0,0,0.0,False,False,,,False
1,http://devon.iwsmj.com/index.html,devon.iwsmj.com,15,False,0,0,0.0,False,False,,,False
1,http://www.eshopeleusa.com/,www.eshopeleusa.com,19,False,1,1,0.0,False,False,1.0,1.0,False
1,http://www.ottdp.com/trusttw,www.ottdp.com,13,False,1,2,0.46171604463255106,False,False,,,False
1,http://5iolwer.com/tw&id=497463168465,5iolwer.com,11,False,1,1,0.6660583941605841,False,False,1.0,1.0,False
1,http://www.nhzte.com/zjtwredline,www.nhzte.com,13,False,0,0,0.0,False,False,1.0,,False
1,http://www.tzqwc.com/amazons,www.tzqwc.com,13,False,1,2,0.5,False,False,,,False
1,http://luminox.pookaka.com/,luminox.pookaka.com,19,False,0,0,0.0,False,False,1.0,,False
1,http://sedate.7ubuy.com/,sedate.7ubuy.com,16,False,1,1,0.6712720343020481,False,False,1.0,1.0,False
1,http://catty.pettylife.tw/caty,catty.pettylife.tw,18,False,1,1,0.058232931726907,False,False,1.0,,False
1,http://fwerouwe.com/product/28cf4e88d8abfcfb,fwerouwe.com,12,False,1,2,0.6999398677089591,False,False,,,False
1,http://maycxs.com/,maycxs.com,10,False,1,1,0.6668889629876621,False,False,1.0,1.0,False
1,http://dddbc.cntwg.yeah-mall.com/,dddbc.cntwg.yeah-mall.com,25,False,0,0,0.0,False,False,,,False
1,http://www.zhihospital.com/#js,www.zhihospital.com,19,False,0,0,0.0,False,False,1.0,,False
1,http://www.welfare-store.com/pc/gray/home/Index/details,www.welfare-store.com,21,False,0,0,0.0,False,False,,,False
1,http://enonv.com/product.php,enonv.com,9,False,1,1,0.64882400648824,False,False,1.0,0.0,False
1,http://s.recorpen-tw.com/shop/,s.recorpen-tw.com,17,False,1,2,0.0,False,False,,,False
1,http://sphero.pookaka.com/,sphero.pookaka.com,18,False,1,1,0.739739739739739,False,False,1.0,,False
1,http://commerceshoe.com/,commerceshoe.com,16,False,1,1,0.6625691456668711,False,False,1.0,1.0,False
1,http://www.elkks.com/eyelashes,www.elkks.com,13,False,1,3,0.622444541104828,False,False,1.0,,False
