label,url,hostname,length_of_fqdn,replica_in_fqdn,in_top_one_million,num_of_currencies_seen,num_of_duplicate_prices_seen,percent_savings,contain_emails,large_iframes,china_registered,under_a_year,china_registered_dummy,under_a_year_dummy
0,http://www.miu-star.com.tw/v2/official,www.miu-star.com.tw,19,0,0,1,32,0.25548351170112504,0,0,0,0,1,0
0,https://www.tokichoi.com.tw/,www.tokichoi.com.tw,19,0,0,1,32,0.25548351170112504,0,0,0,0,1,1
0,http://candybox.com.tw/v2/official,candybox.com.tw,15,0,0,1,17,0,0,0,0,0,1,0
0,https://www.lulus.tw/v2/official,www.lulus.tw,12,0,0,1,9,0.25548351170112504,0,0,0,0,1,0
0,http://www.pufii.com.tw/Shop/,www.pufii.com.tw,16,0,0,0,0,0,0,0,0,0,1,0
0,http://www.rainbow-shop.com.tw/Shop/,www.rainbow-shop.com.tw,23,0,0,0,0,0,0,0,0,0,1,1
0,https://www.obdesign.com.tw/,www.obdesign.com.tw,19,0,0,0,0,0,0,0,0,0,1,0
0,https://www.queenshop.com.tw/,www.queenshop.com.tw,20,0,0,0,0,0,0,0,0,0,1,1
0,http://www.bai-shop.com/Shop/,www.bai-shop.com,16,0,0,0,0,0,0,0,0,0,0,0
0,https://www.joyce-shop.com/,www.joyce-shop.com,18,0,0,0,0,0,0,0,0,0,0,0
0,http://www.airspace.com.tw/,www.airspace.com.tw,19,0,0,1,1,0.12048192771084337,0,0,0,0,1,0
0,http://kemei.91app.com/v2/official,kemei.91app.com,15,1,0,1,4,1,0,0,0,0,0,0
0,http://www.space-picnic.com/,www.space-picnic.com,20,0,0,1,4,0.3656093489148581,0,0,0,1,0,0
0,https://www.gotobuy.com.tw/,www.gotobuy.com.tw,18,0,0,1,7,0.7307692307692307,0,0,0,0,1,1
0,https://concerto.com.tw/v2/official,concerto.com.tw,15,0,0,1,8,0.45714285714285713,0,0,0,1,1,0
0,http://www.stylemina.com/,www.stylemina.com,17,0,0,1,5,0.38235294117647056,0,0,0,0,0,0
0,https://feebee.com.tw/,feebee.com.tw,13,0,0,1,1,0.3996998499249625,0,0,0,0,1,0
0,http://class.ruten.com.tw/,class.ruten.com.tw,18,0,0,1,2,0.01,0,0,0,0,1,1
0,https://www.ruten.com.tw/,www.ruten.com.tw,16,0,0,1,2,0.01,0,0,0,0,1,0
0,http://ebuyshop.qdm.com.tw/,ebuyshop.qdm.com.tw,19,0,0,1,4,0.041666666666666664,0,0,0,0,1,1
0,https://meetdress.waca.ec/,meetdress.waca.ec,17,0,0,1,3,0.5,0,0,0,0,1,1
0,https://www.polylulu.com.tw/,www.polylulu.com.tw,19,0,0,0,0,0,0,0,0,0,1,1
0,https://www.yurubra.com.tw/,www.yurubra.com.tw,18,0,0,0,0,0,0,0,0,0,1,0
0,http://www.ivenus.com.tw/v2/official,www.ivenus.com.tw,17,0,0,1,4,0.30060120240480964,0,0,0,0,1,1
0,http://www.nanamagic.com.tw/v2/official,www.nanamagic.com.tw,20,0,0,1,10,1,0,0,0,0,1,0
0,https://www.kellylove.com.tw/,www.kellylove.com.tw,20,0,0,0,0,0,0,0,0,0,1,1
0,http://www.vs-sweet.com/v2/official,www.vs-sweet.com,16,0,0,1,2,1,0,0,0,0,0,0
0,https://www.fes.com.tw/,www.fes.com.tw,14,0,0,0,0,0,0,0,0,0,1,1
0,http://la-queen.com.tw/,la-queen.com.tw,15,0,0,1,2,0.5,0,0,0,0,1,0
0,http://www.boy2.com.tw/Shop/index.aspx,www.boy2.com.tw,15,0,0,0,0,0,0,0,0,0,1,1
0,http://www.bemax.com.tw/,www.bemax.com.tw,16,0,0,0,0,0,0,0,0,0,1,0
0,http://www.bemax.com.tw/App/Shop/Default.aspx,www.bemax.com.tw,16,0,0,0,0,0,0,0,0,0,1,1
0,http://www.caco.com.tw/Shop/,www.caco.com.tw,15,0,0,0,0,0,0,0,0,0,1,0
0,http://www.freeshop-app.com.tw/v2/official,www.freeshop-app.com.tw,23,0,0,1,24,1,0,0,0,0,1,1
0,http://www.rovoleta.com.tw/,www.rovoleta.com.tw,19,0,0,0,0,0,0,0,0,0,1,0
0,http://www.rovoleta.com.tw/App/Shop/Default.aspx,www.rovoleta.com.tw,19,0,0,0,0,0,0,0,0,0,1,1
0,http://www.kuga.com.tw/,www.kuga.com.tw,15,0,0,0,0,0,0,0,0,0,1,0
0,http://bestshop.91app.com/v2/official,bestshop.91app.com,18,1,0,1,4,0,0,0,0,0,0,0
0,http://www.jerryshop.com.tw/v2/official,www.jerryshop.com.tw,20,0,0,1,2,1,0,0,0,0,1,0
0,http://amyeshop.com.tw/,amyeshop.com.tw,15,0,0,1,66,0.043859649122807015,0,0,0,0,1,1
0,http://amyeshop.com.tw/home/index.php,amyeshop.com.tw,15,0,0,1,66,0.043859649122807015,0,0,0,0,1,0
0,https://www.ur8d.com/,www.ur8d.com,12,0,0,1,2,0.45875,0,0,0,0,0,0
0,https://www.missendro.com/,www.missendro.com,17,0,0,1,12,0,0,0,0,0,0,0
0,https://www.cosmed.com.tw/,www.cosmed.com.tw,17,0,0,1,12,0,0,0,0,0,1,1
0,https://www.86shop.com.tw/,www.86shop.com.tw,17,0,0,1,12,0,0,0,0,0,1,0
0,https://www.s3.com.tw/TC/,www.s3.com.tw,13,0,0,1,12,0.5857142857142857,0,0,0,0,1,1
0,http://www.watsons.com.tw/,www.watsons.com.tw,18,0,0,1,4,0.8888888888888888,0,0,0,0,1,0
0,http://www.bgshop.com.tw/Shop/,www.bgshop.com.tw,17,0,0,0,0,0,0,0,0,0,1,1
0,https://www.fdp.com.tw/v2/official,www.fdp.com.tw,14,0,0,1,11,0.7486033519553073,0,0,0,0,1,0
0,https://www.babu.com.tw/,www.babu.com.tw,15,0,0,0,0,0,1,0,0,0,1,1
0,http://www.nailsmall.tw/,www.nailsmall.tw,16,0,0,1,4,0.8461538461538461,1,0,0,0,1,0
0,http://www.byfunme.me/,www.byfunme.me,14,0,0,1,4,0.8461538461538461,1,0,0,0,0,0
0,http://www.bonuswinner.com.tw/,www.bonuswinner.com.tw,22,0,0,0,0,0,0,0,0,0,1,0
0,http://www.bonuswinner.com.tw/home/,www.bonuswinner.com.tw,22,0,0,0,0,0,0,0,0,0,1,1
0,http://www.outdoorfun.com.tw/,www.outdoorfun.com.tw,21,0,0,1,3,0,0,0,0,0,1,0
0,http://vip.saholea.com/v2/official,vip.saholea.com,15,0,0,1,8,0,0,0,0,0,0,0
0,http://www.hair.com.tw/,www.hair.com.tw,15,0,0,0,0,0,0,0,0,0,1,0
0,http://www.pcstore.com.tw/,www.pcstore.com.tw,18,0,0,1,2,0.4443071491615181,0,0,0,0,1,1
0,http://www.brandoff.tw/,www.brandoff.tw,15,0,0,0,0,0,0,0,0,0,1,0
0,http://www.luxury.com.tw/v3/index.asp?src=,www.luxury.com.tw,17,0,0,1,4,0,0,0,0,0,1,1
0,http://www.thebrandboutique.co.za/,www.thebrandboutique.co.za,26,0,0,0,0,0,0,0,0,0,1,0
0,https://www.520used.com/,www.520used.com,15,1,0,0,0,0,0,0,0,0,0,0
0,http://iomagic.com/,iomagic.com,11,0,1,1,3,0.5617977528089888,0,0,0,0,0,0
0,https://en.wikipedia.org/,en.wikipedia.org,16,0,1,1,3,0.5617977528089888,0,0,0,0,0,0
0,http://www.bonjour.tw/,www.bonjour.tw,14,0,0,0,0,0,0,0,0,0,1,1
0,https://www.daf-shoes.com/,www.daf-shoes.com,17,0,0,0,0,0,0,0,0,0,0,0
0,http://www.anns.tw/v2/official,www.anns.tw,11,0,0,1,3,1,0,0,0,0,1,1
0,http://www.amai.tw/v2/official,www.amai.tw,11,0,0,1,48,1,0,0,0,0,1,0
0,http://www.herls.com.tw/,www.herls.com.tw,16,0,0,1,1,0,0,0,0,0,1,1
0,https://www.gioshoes.com.tw/,www.gioshoes.com.tw,19,0,0,1,1,1,0,0,0,0,1,1
0,http://www.wengcollectionplus.com/v2/official,www.wengcollectionplus.com,26,0,0,1,38,0.25548351170112504,0,0,0,0,1,1
0,http://www.rebeccabonbon.com.tw/v2/official,www.rebeccabonbon.com.tw,24,0,0,1,13,1,0,0,0,0,1,1
0,https://www.paidal.com.tw/,www.paidal.com.tw,17,0,0,1,24,0.2631578947368421,0,0,0,0,1,1
0,https://www.eversimple.co/,www.eversimple.co,17,0,0,1,1,0,0,0,0,0,0,0
0,http://www.karine.com.tw/v2/official,www.karine.com.tw,17,0,0,1,20,0.15151515151515152,0,0,0,0,1,1
0,http://www.istayreal.com/,www.istayreal.com,17,0,0,0,0,0,0,0,0,0,0,0
0,http://tw.istayreal.com/,tw.istayreal.com,16,0,0,0,0,0,0,0,0,0,0,0
0,https://www.sky-blue.com.tw/v2/official,www.sky-blue.com.tw,19,0,0,1,50,0.25548351170112504,0,0,0,0,1,1
0,http://www.tokyo-queen.com.tw/Shop/,www.tokyo-queen.com.tw,22,0,0,0,0,0,0,0,0,0,1,1
0,https://www.kirohome.com/,www.kirohome.com,16,0,0,1,4,0.27839643652561247,0,0,0,0,0,0
0,https://www.kirohome.com/,www.kirohome.com,16,0,0,1,4,0.321285140562249,0,0,0,0,0,0
0,http://www.joannashop.com.tw/v2/official,www.joannashop.com.tw,21,0,0,1,34,1,0,0,0,0,1,1
0,https://www.osmar.com.tw/,www.osmar.com.tw,16,0,0,1,11,0.5012531328320802,1,0,0,0,1,1
0,http://lippy-store.com/,lippy-store.com,15,0,0,1,3,0.20202020202020202,0,0,0,0,0,0
0,http://www.shape.com.tw/v2/official,www.shape.com.tw,16,0,0,1,13,0,0,0,0,0,1,1
0,https://www.pgmall.com.tw/,www.pgmall.com.tw,17,0,0,0,0,0,0,0,0,0,1,1
0,http://www.chenson.tw/,www.chenson.tw,14,0,0,0,0,0,0,0,0,0,1,0
0,http://www.bbhouse.com.tw/,www.bbhouse.com.tw,18,0,0,0,0,0,0,0,0,0,1,1
0,http://www.bbhouse.com.tw/App/Shop/Default.aspx,www.bbhouse.com.tw,18,0,0,0,0,0,0,0,0,0,1,1
0,https://biggo.com.tw/,biggo.com.tw,12,0,1,1,2,0,0,0,0,0,1,1
0,http://www.baibeauty.com/v2/official,www.baibeauty.com,17,0,0,1,21,0.6004,0,0,0,0,1,1
0,http://www.amay-style.com/v2/official,www.amay-style.com,18,0,0,1,7,1,0,0,0,0,0,0
0,https://www.fmshoes.com.tw/,www.fmshoes.com.tw,18,0,0,1,7,1,0,0,0,0,1,0
0,http://sandaru.91app.com/v2/official,sandaru.91app.com,17,1,0,1,3,0,0,0,0,0,0,0
0,http://www.richbaby.com.tw/,www.richbaby.com.tw,19,0,0,0,0,0,0,0,0,0,1,1
0,http://www.lane172.com.tw/v2/official,www.lane172.com.tw,18,1,0,1,7,1,0,0,0,0,1,1
0,http://sdshoes.91app.com/v2/official,sdshoes.91app.com,17,1,0,1,3,0.075,0,0,0,0,0,0
0,http://www.miaki.com.tw/v2/official,www.miaki.com.tw,16,0,0,1,39,0.40404040404040403,0,0,0,0,1,1
0,http://cart0030.3785tv.com/,cart0030.3785tv.com,19,1,0,1,10,0.5,0,0,0,0,0,0
0,http://www.74oz.com.tw/,www.74oz.com.tw,15,0,0,0,0,0,0,0,0,0,1,1
0,http://www.74oz.com.tw/App/Shop/Default.aspx,www.74oz.com.tw,15,0,0,0,0,0,0,0,0,0,1,1
0,http://www.playershop.com.tw/Shop/,www.playershop.com.tw,21,0,0,0,0,0,0,0,0,0,1,1
0,http://www.caroline.com.tw/,www.caroline.com.tw,19,0,0,0,0,0,0,0,0,0,1,1
0,http://www.911shop.com.tw/default.aspx,www.911shop.com.tw,18,1,0,0,0,0,0,0,0,0,1,1
0,http://www.911shop.com.tw/App/Shop/Default.aspx,www.911shop.com.tw,18,1,0,0,0,0,0,0,0,0,1,0
0,https://www.radiantstar.tw/,www.radiantstar.tw,18,0,0,0,0,0,0,0,0,0,1,0
0,https://www.radiantstar.tw/App/Shop/Default.aspx,www.radiantstar.tw,18,0,0,0,0,0,0,0,0,0,1,0
0,http://rayfair.meepshop.com/,rayfair.meepshop.com,20,0,0,0,0,0,0,0,0,0,1,0
0,http://www.achicat.com/v2/official,www.achicat.com,15,0,0,1,2,1,0,0,0,0,1,1
0,http://annshop.91app.com/v2/official,annshop.91app.com,17,1,0,1,2,0.1430615164520744,0,0,0,0,0,0
0,http://www.apmart.com.tw/v2/official,www.apmart.com.tw,17,0,0,1,5,0.21794871794871795,0,0,0,0,1,1
0,http://www.tipsypresent.com/,www.tipsypresent.com,20,0,0,1,9,0,0,0,0,0,0,0
0,https://zh.wikipedia.org/,zh.wikipedia.org,16,0,0,1,9,0,0,0,0,0,0,0
0,http://www.mandyshop.com.tw/Shop/,www.mandyshop.com.tw,20,0,0,0,0,0,0,0,0,0,1,1
0,https://www.ailian.com.tw/,www.ailian.com.tw,17,0,0,1,2,0.9,1,0,0,0,1,1
0,https://www.ailian.com.tw/shop/plaza.php,www.ailian.com.tw,17,0,0,1,2,0.9,1,0,0,0,1,1
0,http://cocomommy.com/,cocomommy.com,13,0,0,1,6,0.4206896551724138,0,0,0,1,0,0
0,http://www.howowo.com.tw/v2/official,www.howowo.com.tw,17,0,0,1,2,1,0,0,0,0,1,1
0,http://www.web66.com.tw/,www.web66.com.tw,16,0,0,1,2,0.3616,0,0,0,0,1,0
0,https://www.sweetwawa.com/,www.sweetwawa.com,17,0,0,1,10,0.3142857142857143,0,0,0,0,0,0
0,http://rvft3zj75j.pixnet.net/blog,rvft3zj75j.pixnet.net,21,0,0,0,0,0,0,0,0,0,0,0
0,https://www.babyview.com.tw/,www.babyview.com.tw,19,0,0,1,8,1,0,0,0,0,1,1
0,http://www.rearhouse.com.tw/,www.rearhouse.com.tw,20,0,0,0,0,0,0,0,0,0,1,0
0,http://www.eding.com.tw/v2/official,www.eding.com.tw,16,0,0,1,4,0.9009009009009009,0,0,0,0,1,1
0,https://www.youbaby.com.tw/,www.youbaby.com.tw,18,0,0,1,4,0.9009009009009009,0,0,0,0,1,1
0,https://news.tvbs.com.tw/,news.tvbs.com.tw,16,0,0,0,0,0,0,0,0,0,1,1
0,https://www.wellbaby888.com/,www.wellbaby888.com,19,0,0,0,0,0,0,0,0,0,1,1
0,https://www.wellbaby888.com/welcome.php,www.wellbaby888.com,19,0,0,0,0,0,0,0,0,0,0,0
0,http://jiaeryuan.91app.com/v2/official,jiaeryuan.91app.com,19,1,0,1,8,0.7619047619047619,0,0,0,0,0,0
0,https://shop.in-mommy.com/,shop.in-mommy.com,17,0,0,1,6,0.1,0,0,0,0,1,0
0,http://www.double-love.tw/,www.double-love.tw,18,0,0,0,0,0,0,0,0,0,1,1
0,http://www.double-love.tw/App/Shop/Default.aspx,www.double-love.tw,18,0,0,0,0,0,0,0,0,0,1,0
0,http://gbaby.shop2000.com.tw/,gbaby.shop2000.com.tw,21,1,0,0,0,0,0,0,0,0,1,0
0,https://www.hanshin.com.tw/,www.hanshin.com.tw,18,0,0,0,0,0,0,0,0,0,1,1
0,http://blog.xuite.net/,blog.xuite.net,14,0,0,0,0,0,0,0,0,0,0,0
0,https://www.104.com.tw/,www.104.com.tw,14,1,0,0,0,0,0,0,0,0,1,1
0,https://online.senao.com.tw/,online.senao.com.tw,19,0,0,1,2,0.4652173913043478,0,0,0,0,1,0
0,http://www.queen3c.com.tw/,www.queen3c.com.tw,18,0,0,0,0,0,0,0,0,0,1,1
0,https://www.17goshop.com.tw/,www.17goshop.com.tw,19,1,0,1,2,0.2,0,0,0,1,1,0
0,https://www.cm999.com.tw/,www.cm999.com.tw,16,0,0,0,0,0,0,0,0,0,1,1
0,https://www.ptt.cc/index.html,www.ptt.cc,10,0,0,0,0,0,0,0,0,0,0,0
0,https://www.eclife.com.tw/,www.eclife.com.tw,17,0,0,1,2,1,0,0,0,0,1,1
0,http://www.rainbow3c.com.tw/,www.rainbow3c.com.tw,20,0,0,0,0,0,0,0,0,0,1,1
0,http://www.rainbow3c.com.tw/CHP51/,www.rainbow3c.com.tw,20,0,0,0,0,0,0,0,0,0,1,1
0,http://www.chiayi.org.tw/,www.chiayi.org.tw,17,0,0,0,0,0,0,0,0,0,1,1
0,http://www.jsit.com.tw/,www.jsit.com.tw,15,0,0,0,0,0,0,0,0,0,1,1
0,https://nt66.com.tw/,nt66.com.tw,11,0,0,0,0,0,0,0,0,0,1,0
0,http://www.sanjing3c.com.tw/,www.sanjing3c.com.tw,20,0,0,1,2,0.561633281972265,0,0,0,0,1,1
0,http://www.hsp.net.tw/,www.hsp.net.tw,14,0,0,0,0,0,0,0,0,0,1,0
0,http://www.hjtilemuseum.com.tw/,www.hjtilemuseum.com.tw,23,0,0,0,0,0,0,0,0,0,1,1
0,http://www.ys3c.tw/v2/official,www.ys3c.tw,11,0,0,1,36,0.6680672268907563,0,0,0,0,1,1
0,http://www.ycctech.com.tw/,www.ycctech.com.tw,18,0,0,0,0,0,0,0,0,0,1,1
0,http://www.ten-full.com/,www.ten-full.com,16,0,0,0,0,0,0,0,0,0,1,1
0,http://www.ten-full.com/news.php,www.ten-full.com,16,0,0,0,0,0,0,0,0,0,0,0
0,http://www.watershop.com.tw/,www.watershop.com.tw,20,0,0,0,0,0,0,0,0,0,1,1
0,http://furukawa-iin.net/,furukawa-iin.net,16,0,0,0,0,0,0,0,0,0,0,0
0,http://shopping.friday.tw/,shopping.friday.tw,18,0,0,1,5,0.742,0,0,0,0,1,0
0,http://www.efuji.com.tw/,www.efuji.com.tw,16,0,0,1,2,0.35152838427947597,0,0,0,0,1,1
0,https://www.1111.com.tw/,www.1111.com.tw,15,1,0,1,2,0.35152838427947597,0,0,0,0,1,0
0,http://www.house581.com/index.asp,www.house581.com,16,1,0,1,3,0.14080459770114942,0,0,0,0,0,0
0,http://www.shoushia.com.tw/,www.shoushia.com.tw,19,0,0,1,1,0.5986577181208054,0,0,0,0,1,1
0,http://www.shoushia.com.tw/,www.shoushia.com.tw,19,0,0,1,1,0.5986577181208054,0,0,0,0,1,1
0,https://www.ftc.gov.tw/internet/main/index.aspx,www.ftc.gov.tw,14,0,0,1,1,0,0,0,0,0,1,1
0,https://www.ftc.gov.tw/internet/main/index.aspx,www.ftc.gov.tw,14,0,0,1,1,0,0,0,0,0,1,1
0,https://www.ftc.gov.tw/internet/main/index.aspx,www.ftc.gov.tw,14,0,0,1,1,0,0,0,0,0,1,1
0,http://www.flymi.com.tw/,www.flymi.com.tw,16,0,0,0,0,0,1,0,0,0,1,1
0,https://www.dfd.com.tw/,www.dfd.com.tw,14,0,0,1,3,0.21457219251336898,0,0,0,0,1,1
0,https://www.playsound.com.tw/,www.playsound.com.tw,20,0,0,0,0,0,0,0,0,0,1,1
0,https://www.autobuy.tw/,www.autobuy.tw,14,0,0,1,19,0.9490707789640174,0,0,0,0,1,1
0,http://www.avmega.com.tw/,www.avmega.com.tw,17,0,0,0,0,0,0,0,0,0,1,1
0,http://feature.u-audio.com.tw/,feature.u-audio.com.tw,22,0,0,0,0,0,0,0,0,0,1,1
0,https://www.daiso.com.tw/,www.daiso.com.tw,16,0,0,0,0,0,0,0,0,0,1,1
0,https://shopping.friday.tw/,shopping.friday.tw,18,0,0,1,5,0.742,0,0,0,0,1,0
0,http://www.hilife.com.tw/,www.hilife.com.tw,17,0,0,0,0,0,0,0,0,0,1,1
0,http://www.amah.com.tw/,www.amah.com.tw,15,0,0,0,0,0,0,0,0,0,1,0
0,http://www.amah.com.tw/amah.asp,www.amah.com.tw,15,0,0,0,0,0,0,0,0,0,1,1
0,http://www.oralfreshtw.com/,www.oralfreshtw.com,19,0,0,0,0,0,0,0,0,1,0,0
0,http://www.asap.com.tw/,www.asap.com.tw,15,0,0,1,1,0,0,0,0,0,1,1
0,https://www.bluecatnetworks.com/,www.bluecatnetworks.com,23,0,0,0,0,0,0,0,0,0,1,1
0,http://wabao.91app.com/v2/official,wabao.91app.com,15,1,0,0,0,0,0,0,0,0,0,0
0,https://page.line.me/jp/,page.line.me,12,0,0,0,0,0,0,0,0,0,0,0
0,https://www.komonoya.com.tw/komonoya/index.php,www.komonoya.com.tw,19,0,0,1,11,0.2413793103448276,0,0,0,0,1,1
0,http://www.books.com.tw/,www.books.com.tw,16,0,0,1,2,0.816923076923077,0,0,0,0,1,0
0,https://www.lovingfamily.com.tw/TC/index.aspx,www.lovingfamily.com.tw,23,0,0,0,0,0,0,0,0,0,1,1
0,http://www.siangsliving.com.tw/v2/official,www.siangsliving.com.tw,23,0,0,1,4,1,0,0,0,0,1,1
0,https://www.artisbrush.com/,www.artisbrush.com,18,0,0,0,0,0,0,0,0,0,1,0
0,http://www.hdlife.com.tw/,www.hdlife.com.tw,17,0,0,0,0,0,0,0,0,0,1,0
0,http://www.peachy.com.tw/v2/official,www.peachy.com.tw,17,0,0,1,4,1,0,0,0,0,1,1
0,http://www.dayneeds.com/,www.dayneeds.com,16,0,0,0,0,0,0,0,0,0,0,0
0,https://pbof.com.tw/,pbof.com.tw,11,0,0,1,3,1,1,0,0,0,1,1
0,https://www.woogii.com.tw/home.php?mod=follow&view=follow,www.woogii.com.tw,17,0,0,0,0,0,0,0,0,0,1,1
0,https://www.famiclean.tw/,www.famiclean.tw,16,0,0,1,3,0.15,0,0,0,0,1,0
0,https://store.lishih.net/,store.lishih.net,16,0,0,1,1,0.5657894736842105,0,0,0,0,0,0
0,http://www.dggmall.com.tw/,www.dggmall.com.tw,18,0,0,1,1,0,0,0,0,0,1,1
0,http://www.dggmall.com.tw/phpshop/,www.dggmall.com.tw,18,0,0,1,1,0,0,0,0,0,1,0
0,http://shop.norns.com.tw/v2/official,shop.norns.com.tw,17,0,0,1,3,0.2777777777777778,0,0,0,0,1,1
0,http://www.ipeen.com.tw/,www.ipeen.com.tw,16,0,0,0,0,0,0,0,0,0,1,0
0,http://www.dclife.co.jp/,www.dclife.co.jp,16,0,0,0,0,0,0,0,0,0,1,1
0,https://www.mobile01.com/,www.mobile01.com,16,1,0,0,0,0,0,0,0,0,0,0
0,http://www.lomopie.com/,www.lomopie.com,15,0,0,1,3,0,0,0,0,0,0,0
0,http://www.filminstax.com.tw/,www.filminstax.com.tw,21,0,0,1,3,0.21739130434782608,0,0,0,0,1,1
0,http://www.chiuhua.com.tw/,www.chiuhua.com.tw,18,0,0,1,2,0.9487750556792873,0,0,0,0,1,1
0,https://www.ege.tw/,www.ege.tw,10,0,0,1,2,0.8318318318318318,0,0,0,0,1,1
0,http://www.fun4go.com/,www.fun4go.com,14,0,0,1,2,0.02717391304347826,0,0,1,0,0,0
0,https://www.newstyle.com.tw/,www.newstyle.com.tw,19,0,0,0,0,0,0,0,0,0,1,1
0,http://www.tayoco.com.tw/,www.tayoco.com.tw,17,0,0,1,1,0.4827586206896552,0,0,0,0,1,1
0,http://www.3ccellphone.com/,www.3ccellphone.com,19,0,0,0,0,0,0,0,0,0,1,1
0,https://sl.se/,sl.se,5,0,1,0,0,0,0,0,0,0,1,0
0,https://www.findprice.com.tw/,www.findprice.com.tw,20,0,0,1,1,0,0,0,0,0,1,0
0,https://www.518.com.tw/,www.518.com.tw,14,1,0,1,1,0,0,0,0,0,1,1
0,http://www.101sm.com/,www.101sm.com,13,1,0,1,2,0.26666666666666666,0,0,0,0,1,1
0,http://www.101sm.com/shop/,www.101sm.com,13,1,0,1,2,0.26666666666666666,0,0,0,0,0,0
0,https://www.goyomoney.com.tw/,www.goyomoney.com.tw,20,0,0,1,7,0.4,0,0,0,0,1,1
0,https://store.goshoptw.com/,store.goshoptw.com,18,0,0,1,8,0.10101010101010101,0,0,0,0,1,0
0,https://www.jystore.com.tw/,www.jystore.com.tw,18,0,0,1,3,0.8474489795918367,0,0,0,0,1,0
0,http://www.chineseinla.com/,www.chineseinla.com,19,0,0,1,1,0,0,0,0,0,1,0
0,http://tw.91mai.com/,tw.91mai.com,12,1,0,1,4,0.5,0,0,0,0,0,0
0,https://www.qek888.com/,www.qek888.com,14,0,0,1,11,0.8322147651006712,0,0,0,0,0,0
0,http://www.arzshop.tw/v2/official,www.arzshop.tw,14,0,0,1,5,0.6012024048096193,0,0,0,0,1,1
0,http://www.runwayco.tw/v2/official,www.runwayco.tw,15,0,0,1,3,1,0,0,0,0,1,0
0,https://www.touch-kr.com.tw/,www.touch-kr.com.tw,19,0,0,0,0,0,0,0,0,0,1,1
0,https://www.merriam-webster.com/,www.merriam-webster.com,23,0,0,0,0,0,0,0,0,0,0,0
0,http://www.funbox.com.tw/,www.funbox.com.tw,17,0,0,0,0,0,0,0,0,0,1,0
0,https://www.amuzinc.com/,www.amuzinc.com,15,0,0,0,0,0,0,0,0,0,0,0
0,https://www.toysrus.com.tw/,www.toysrus.com.tw,18,0,0,0,0,0,0,0,0,0,1,0
0,https://www.punchboardgame.com/,www.punchboardgame.com,22,0,0,1,3,0.20408163265306123,0,0,0,0,0,0
0,https://www.carfans.com.tw/,www.carfans.com.tw,18,0,0,1,7,0.19777777777777777,0,0,0,0,1,1
0,http://shop.autocare.com.tw/v2/official,shop.autocare.com.tw,20,0,0,1,6,1,0,0,0,0,1,1
0,http://www.answer168.com/v2/official,www.answer168.com,17,1,0,1,2,1,0,0,0,0,0,0
0,https://www.jhsport.com.tw/,www.jhsport.com.tw,18,0,0,1,4,1,0,0,0,0,1,1
0,http://www.funsport.com.tw/v2/official,www.funsport.com.tw,19,0,0,1,2,0.175,0,0,0,0,1,0
0,http://www.well-come.com.tw/v2/official,www.well-come.com.tw,20,0,0,1,2,0.22304832713754646,0,0,0,0,1,1
0,http://www.x-bike.com.tw/,www.x-bike.com.tw,17,0,0,1,23,0.8382352941176471,0,0,0,0,1,0
0,http://www.fitnessdigital.com.tw/Default.aspx,www.fitnessdigital.com.tw,25,0,0,1,1,0.23861473337310718,0,0,0,0,1,1
0,https://www.pump306.co/,www.pump306.co,14,1,0,1,8,0,0,0,0,0,1,1
0,http://www.aplusbio.com/,www.aplusbio.com,16,0,0,0,0,0,0,0,0,0,0,0
0,http://www.aplusbio.com/index.php?lg=T,www.aplusbio.com,16,0,0,0,0,0,0,0,0,0,0,0
0,http://www.fly-sport.com.tw/,www.fly-sport.com.tw,20,0,0,1,1,0,0,0,0,0,1,1
0,https://www.thenorthface.com.tw/v2/official,www.thenorthface.com.tw,23,0,0,1,9,0.9375,0,0,0,0,1,0
0,http://shop.polarstar.tw/v2/official,shop.polarstar.tw,17,0,0,1,2,1,0,0,0,0,1,0
0,http://www.metroasis.com.tw/,www.metroasis.com.tw,20,0,0,0,0,0,0,0,0,0,1,0
0,http://www.metroasis.com.tw/main.php,www.metroasis.com.tw,20,0,0,0,0,0,0,0,0,0,1,1
0,http://www.sc.com.tw/,www.sc.com.tw,13,0,0,1,4,0.2864583333333333,0,0,0,0,1,1
0,http://www.ukuleletaiwan.com/,www.ukuleletaiwan.com,21,0,0,0,0,0,0,0,0,0,1,1
0,https://forum.gamer.com.tw/,forum.gamer.com.tw,18,0,0,0,0,0,0,0,0,0,1,1
0,https://www.kinstar.com.tw/,www.kinstar.com.tw,18,0,0,0,0,0,0,0,0,0,1,1
0,https://ysolife.com/,ysolife.com,11,0,0,0,0,0,0,0,0,0,0,0
0,https://www.taaze.tw/,www.taaze.tw,12,0,0,0,0,0,0,0,0,0,1,0
0,https://www.taaze.tw/index.html,www.taaze.tw,12,0,0,0,0,0,0,0,0,0,1,0
0,https://www.kingstone.com.tw/,www.kingstone.com.tw,20,0,0,0,0,0,0,0,0,0,1,0
0,http://www.cite.com.tw/,www.cite.com.tw,15,0,0,1,1,0.9159663865546218,0,0,0,0,1,1
0,http://www.readingtimes.com.tw/,www.readingtimes.com.tw,23,0,0,0,0,0,0,0,0,0,1,0
0,http://www.readingtimes.com.tw/ReadingTimes/default.aspx,www.readingtimes.com.tw,23,0,0,0,0,0,0,0,0,0,1,1
0,http://www.mackids.com.tw/,www.mackids.com.tw,18,0,0,1,1,0.25,0,0,0,0,1,0
0,http://www.srbook.com.tw/,www.srbook.com.tw,17,0,0,0,0,0,0,0,0,0,1,1
0,http://www.public.com.tw/,www.public.com.tw,17,0,0,0,0,0,0,0,0,0,1,0
0,https://www.spbook.com.tw/,www.spbook.com.tw,17,0,0,0,0,0,0,0,0,0,1,1
0,https://www.myefuhouse.com/,www.myefuhouse.com,18,0,0,0,0,0,0,0,0,0,0,0
0,http://www.muji.com/,www.muji.com,12,0,0,0,0,0,0,0,0,0,0,0
0,http://www.yc8899.com.tw/,www.yc8899.com.tw,17,0,0,1,6,0.10714285714285714,0,0,0,0,1,1
0,https://www.chuyu-culture.com/,www.chuyu-culture.com,21,0,0,1,6,0.10714285714285714,0,0,0,0,0,0
0,https://www.pcone.com.tw/,www.pcone.com.tw,16,0,0,1,3,0.9597132471728594,0,0,0,0,1,0
0,https://m.pcone.com.tw/,m.pcone.com.tw,14,0,0,1,3,0.9597132471728594,0,0,0,0,1,1
0,https://www.9x9.tw/,www.9x9.tw,10,0,0,1,1,1,0,0,0,0,1,0
0,http://www.gwt.com.tw/,www.gwt.com.tw,14,0,0,0,0,0,0,0,0,0,1,1
